Participant,Session,Block,OnsetDelay,Condition,Distance,DisplayLeft,DisplayRight,Occlusion,Percept,Time
AGS1997WRNO,2020-02-05-10-00-22,1,0.7705807833279503,Ambiguity,-8.13,gear24-strong,gear24,None,down,7.272446926721045
AGS1997WRNO,2020-02-05-10-00-22,1,0.7705807833279503,Ambiguity,-8.13,gear24-strong,gear24,None,right,22.83461426145243
AGS1997WRNO,2020-02-05-10-00-22,1,0.7705807833279503,Ambiguity,-8.13,gear24-strong,gear24,None,unclear,27.721764561545
AGS1997WRNO,2020-02-05-10-00-22,1,0.7705807833279503,Ambiguity,-8.13,gear24-strong,gear24,None,down,27.721818674317888
AGS1997WRNO,2020-02-05-10-00-22,1,0.7705807833279503,Ambiguity,-8.13,gear24-strong,gear24,None,right,33.84324493773454
AGS1997WRNO,2020-02-05-10-00-22,1,0.7705807833279503,Ambiguity,-8.13,gear24-strong,gear24,None,unclear,42.4833225366948
AGS1997WRNO,2020-02-05-10-00-22,1,0.7705807833279503,Ambiguity,-8.13,gear24-strong,gear24,None,down,42.51668275018528
AGS1997WRNO,2020-02-05-10-00-22,1,0.7705807833279503,Ambiguity,-8.13,gear24-strong,gear24,None,right,50.38948881156216
AGS1997WRNO,2020-02-05-10-00-22,1,0.7705807833279503,Ambiguity,-8.13,gear24-strong,gear24,None,unclear,54.62623094896071
AGS1997WRNO,2020-02-05-10-00-22,1,0.7705807833279503,Ambiguity,-8.13,gear24-strong,gear24,None,down,54.62628070783239
AGS1997WRNO,2020-02-05-10-00-22,1,0.7705807833279503,Ambiguity,-8.13,gear24-strong,gear24,None,end,60.013760193960024
AGS1997WRNO,2020-02-05-10-00-22,2,1.2463575280343981,Separation,0.0,gear24,gear24,None,down,2.0183125087273766
AGS1997WRNO,2020-02-05-10-00-22,2,1.2463575280343981,Separation,0.0,gear24,gear24,None,up,3.8030335496082444
AGS1997WRNO,2020-02-05-10-00-22,2,1.2463575280343981,Separation,0.0,gear24,gear24,None,unclear,8.273146971846245
AGS1997WRNO,2020-02-05-10-00-22,2,1.2463575280343981,Separation,0.0,gear24,gear24,None,down,8.27320170660505
AGS1997WRNO,2020-02-05-10-00-22,2,1.2463575280343981,Separation,0.0,gear24,gear24,None,up,10.391513064658284
AGS1997WRNO,2020-02-05-10-00-22,2,1.2463575280343981,Separation,0.0,gear24,gear24,None,down,12.976850306965616
AGS1997WRNO,2020-02-05-10-00-22,2,1.2463575280343981,Separation,0.0,gear24,gear24,None,right,14.895045167060744
AGS1997WRNO,2020-02-05-10-00-22,2,1.2463575280343981,Separation,0.0,gear24,gear24,None,down,17.530403759034016
AGS1997WRNO,2020-02-05-10-00-22,2,1.2463575280343981,Separation,0.0,gear24,gear24,None,up,18.981592638423763
AGS1997WRNO,2020-02-05-10-00-22,2,1.2463575280343981,Separation,0.0,gear24,gear24,None,down,25.63678387265213
AGS1997WRNO,2020-02-05-10-00-22,2,1.2463575280343981,Separation,0.0,gear24,gear24,None,up,34.12678467190403
AGS1997WRNO,2020-02-05-10-00-22,2,1.2463575280343981,Separation,0.0,gear24,gear24,None,down,42.26648861283775
AGS1997WRNO,2020-02-05-10-00-22,2,1.2463575280343981,Separation,0.0,gear24,gear24,None,up,58.496279746864275
AGS1997WRNO,2020-02-05-10-00-22,2,1.2463575280343981,Separation,0.0,gear24,gear24,None,down,59.21312999785118
AGS1997WRNO,2020-02-05-10-00-22,2,1.2463575280343981,Separation,0.0,gear24,gear24,None,end,60.013668762033376
AGS1997WRNO,2020-02-05-10-00-22,3,1.0976226245440472,Occlusion,-8.13,gear24,gear24,65.04,down,3.18588981457674
AGS1997WRNO,2020-02-05-10-00-22,3,1.0976226245440472,Occlusion,-8.13,gear24,gear24,65.04,right,8.623479283360211
AGS1997WRNO,2020-02-05-10-00-22,3,1.0976226245440472,Occlusion,-8.13,gear24,gear24,65.04,unclear,10.5583240838846
AGS1997WRNO,2020-02-05-10-00-22,3,1.0976226245440472,Occlusion,-8.13,gear24,gear24,65.04,left,10.559188333286102
AGS1997WRNO,2020-02-05-10-00-22,3,1.0976226245440472,Occlusion,-8.13,gear24,gear24,65.04,right,12.976912194562146
AGS1997WRNO,2020-02-05-10-00-22,3,1.0976226245440472,Occlusion,-8.13,gear24,gear24,65.04,left,14.828329093980983
AGS1997WRNO,2020-02-05-10-00-22,3,1.0976226245440472,Occlusion,-8.13,gear24,gear24,65.04,right,17.380328203297267
AGS1997WRNO,2020-02-05-10-00-22,3,1.0976226245440472,Occlusion,-8.13,gear24,gear24,65.04,unclear,20.232537201753757
AGS1997WRNO,2020-02-05-10-00-22,3,1.0976226245440472,Occlusion,-8.13,gear24,gear24,65.04,left,20.249238456019384
AGS1997WRNO,2020-02-05-10-00-22,3,1.0976226245440472,Occlusion,-8.13,gear24,gear24,65.04,right,22.16738106929938
AGS1997WRNO,2020-02-05-10-00-22,3,1.0976226245440472,Occlusion,-8.13,gear24,gear24,65.04,left,28.188765566363145
AGS1997WRNO,2020-02-05-10-00-22,3,1.0976226245440472,Occlusion,-8.13,gear24,gear24,65.04,up,35.294325280585554
AGS1997WRNO,2020-02-05-10-00-22,3,1.0976226245440472,Occlusion,-8.13,gear24,gear24,65.04,down,37.59617627951047
AGS1997WRNO,2020-02-05-10-00-22,3,1.0976226245440472,Occlusion,-8.13,gear24,gear24,65.04,right,38.780381445290004
AGS1997WRNO,2020-02-05-10-00-22,3,1.0976226245440472,Occlusion,-8.13,gear24,gear24,65.04,up,43.033702616725805
AGS1997WRNO,2020-02-05-10-00-22,3,1.0976226245440472,Occlusion,-8.13,gear24,gear24,65.04,left,47.05350695862262
AGS1997WRNO,2020-02-05-10-00-22,3,1.0976226245440472,Occlusion,-8.13,gear24,gear24,65.04,right,51.090023128545454
AGS1997WRNO,2020-02-05-10-00-22,3,1.0976226245440472,Occlusion,-8.13,gear24,gear24,65.04,left,55.05981762751571
AGS1997WRNO,2020-02-05-10-00-22,3,1.0976226245440472,Occlusion,-8.13,gear24,gear24,65.04,right,55.69367008064364
AGS1997WRNO,2020-02-05-10-00-22,3,1.0976226245440472,Occlusion,-8.13,gear24,gear24,65.04,end,60.013731271615825
AGS1997WRNO,2020-02-05-10-00-22,4,1.49561278105741,Control,-8.13,gear24,gear24,None,down,2.335255062420856
AGS1997WRNO,2020-02-05-10-00-22,4,1.49561278105741,Control,-8.13,gear24,gear24,None,up,3.1859153159982725
AGS1997WRNO,2020-02-05-10-00-22,4,1.49561278105741,Control,-8.13,gear24,gear24,None,down,6.355031725945537
AGS1997WRNO,2020-02-05-10-00-22,4,1.49561278105741,Control,-8.13,gear24,gear24,None,up,7.5894314644626775
AGS1997WRNO,2020-02-05-10-00-22,4,1.49561278105741,Control,-8.13,gear24,gear24,None,down,9.407430305702974
AGS1997WRNO,2020-02-05-10-00-22,4,1.49561278105741,Control,-8.13,gear24,gear24,None,up,10.925361692572778
AGS1997WRNO,2020-02-05-10-00-22,4,1.49561278105741,Control,-8.13,gear24,gear24,None,down,12.226750866970633
AGS1997WRNO,2020-02-05-10-00-22,4,1.49561278105741,Control,-8.13,gear24,gear24,None,up,14.077764408536495
AGS1997WRNO,2020-02-05-10-00-22,4,1.49561278105741,Control,-8.13,gear24,gear24,None,unclear,16.463017185159288
AGS1997WRNO,2020-02-05-10-00-22,4,1.49561278105741,Control,-8.13,gear24,gear24,None,up,16.479609902886295
AGS1997WRNO,2020-02-05-10-00-22,4,1.49561278105741,Control,-8.13,gear24,gear24,None,down,16.479702889777627
AGS1997WRNO,2020-02-05-10-00-22,4,1.49561278105741,Control,-8.13,gear24,gear24,None,up,18.08090730326512
AGS1997WRNO,2020-02-05-10-00-22,4,1.49561278105741,Control,-8.13,gear24,gear24,None,right,23.23503323115142
AGS1997WRNO,2020-02-05-10-00-22,4,1.49561278105741,Control,-8.13,gear24,gear24,None,unclear,27.238091535798276
AGS1997WRNO,2020-02-05-10-00-22,4,1.49561278105741,Control,-8.13,gear24,gear24,None,down,27.254756403889132
AGS1997WRNO,2020-02-05-10-00-22,4,1.49561278105741,Control,-8.13,gear24,gear24,None,unclear,30.140337433567993
AGS1997WRNO,2020-02-05-10-00-22,4,1.49561278105741,Control,-8.13,gear24,gear24,None,up,30.1570262481157
AGS1997WRNO,2020-02-05-10-00-22,4,1.49561278105741,Control,-8.13,gear24,gear24,None,down,34.96171707914186
AGS1997WRNO,2020-02-05-10-00-22,4,1.49561278105741,Control,-8.13,gear24,gear24,None,up,36.562066262023336
AGS1997WRNO,2020-02-05-10-00-22,4,1.49561278105741,Control,-8.13,gear24,gear24,None,unclear,39.49765589065737
AGS1997WRNO,2020-02-05-10-00-22,4,1.49561278105741,Control,-8.13,gear24,gear24,None,down,39.514382335351684
AGS1997WRNO,2020-02-05-10-00-22,4,1.49561278105741,Control,-8.13,gear24,gear24,None,up,43.45077619174822
AGS1997WRNO,2020-02-05-10-00-22,4,1.49561278105741,Control,-8.13,gear24,gear24,None,right,44.10129413495292
AGS1997WRNO,2020-02-05-10-00-22,4,1.49561278105741,Control,-8.13,gear24,gear24,None,down,54.24262954488972
AGS1997WRNO,2020-02-05-10-00-22,4,1.49561278105741,Control,-8.13,gear24,gear24,None,end,60.01379315921258
AGS1997WRNO,2020-02-05-10-00-22,5,1.4753628981800728,Occlusion,-8.13,gear24,gear24,8.13,up,5.63781357030166
AGS1997WRNO,2020-02-05-10-00-22,5,1.4753628981800728,Occlusion,-8.13,gear24,gear24,8.13,down,7.155612474175996
AGS1997WRNO,2020-02-05-10-00-22,5,1.4753628981800728,Occlusion,-8.13,gear24,gear24,8.13,up,10.708424830050035
AGS1997WRNO,2020-02-05-10-00-22,5,1.4753628981800728,Occlusion,-8.13,gear24,gear24,8.13,down,11.375613550211483
AGS1997WRNO,2020-02-05-10-00-22,5,1.4753628981800728,Occlusion,-8.13,gear24,gear24,8.13,up,16.229424162348323
AGS1997WRNO,2020-02-05-10-00-22,5,1.4753628981800728,Occlusion,-8.13,gear24,gear24,8.13,unclear,17.363695989466123
AGS1997WRNO,2020-02-05-10-00-22,5,1.4753628981800728,Occlusion,-8.13,gear24,gear24,8.13,down,17.380329447269105
AGS1997WRNO,2020-02-05-10-00-22,5,1.4753628981800728,Occlusion,-8.13,gear24,gear24,8.13,up,18.397830264403183
AGS1997WRNO,2020-02-05-10-00-22,5,1.4753628981800728,Occlusion,-8.13,gear24,gear24,8.13,unclear,19.598731397568145
AGS1997WRNO,2020-02-05-10-00-22,5,1.4753628981800728,Occlusion,-8.13,gear24,gear24,8.13,down,19.615409949348532
AGS1997WRNO,2020-02-05-10-00-22,5,1.4753628981800728,Occlusion,-8.13,gear24,gear24,8.13,up,30.890902119012708
AGS1997WRNO,2020-02-05-10-00-22,5,1.4753628981800728,Occlusion,-8.13,gear24,gear24,8.13,down,32.842451283732316
AGS1997WRNO,2020-02-05-10-00-22,5,1.4753628981800728,Occlusion,-8.13,gear24,gear24,8.13,up,34.310316226959
AGS1997WRNO,2020-02-05-10-00-22,5,1.4753628981800728,Occlusion,-8.13,gear24,gear24,8.13,down,35.71133292510331
AGS1997WRNO,2020-02-05-10-00-22,5,1.4753628981800728,Occlusion,-8.13,gear24,gear24,8.13,unclear,37.1958866828777
AGS1997WRNO,2020-02-05-10-00-22,5,1.4753628981800728,Occlusion,-8.13,gear24,gear24,8.13,up,37.22922637083366
AGS1997WRNO,2020-02-05-10-00-22,5,1.4753628981800728,Occlusion,-8.13,gear24,gear24,8.13,down,38.613583798760146
AGS1997WRNO,2020-02-05-10-00-22,5,1.4753628981800728,Occlusion,-8.13,gear24,gear24,8.13,up,40.19825613814555
AGS1997WRNO,2020-02-05-10-00-22,5,1.4753628981800728,Occlusion,-8.13,gear24,gear24,8.13,down,43.53417517050957
AGS1997WRNO,2020-02-05-10-00-22,5,1.4753628981800728,Occlusion,-8.13,gear24,gear24,8.13,up,44.88523862644365
AGS1997WRNO,2020-02-05-10-00-22,5,1.4753628981800728,Occlusion,-8.13,gear24,gear24,8.13,down,45.685885305179
AGS1997WRNO,2020-02-05-10-00-22,5,1.4753628981800728,Occlusion,-8.13,gear24,gear24,8.13,up,48.421315518827896
AGS1997WRNO,2020-02-05-10-00-22,5,1.4753628981800728,Occlusion,-8.13,gear24,gear24,8.13,down,49.88912728226069
AGS1997WRNO,2020-02-05-10-00-22,5,1.4753628981800728,Occlusion,-8.13,gear24,gear24,8.13,up,52.29102377945378
AGS1997WRNO,2020-02-05-10-00-22,5,1.4753628981800728,Occlusion,-8.13,gear24,gear24,8.13,down,53.92563225643721
AGS1997WRNO,2020-02-05-10-00-22,5,1.4753628981800728,Occlusion,-8.13,gear24,gear24,8.13,up,55.410134700375465
AGS1997WRNO,2020-02-05-10-00-22,5,1.4753628981800728,Occlusion,-8.13,gear24,gear24,8.13,unclear,57.12823638698342
AGS1997WRNO,2020-02-05-10-00-22,5,1.4753628981800728,Occlusion,-8.13,gear24,gear24,8.13,left,57.1448219518727
AGS1997WRNO,2020-02-05-10-00-22,5,1.4753628981800728,Occlusion,-8.13,gear24,gear24,8.13,end,60.0137530411223
AGS1997WRNO,2020-02-05-10-00-22,6,0.8593923477803069,Ambiguity,-8.13,gear24,gear24-medium-strong,None,up,4.8371830631997454
AGS1997WRNO,2020-02-05-10-00-22,6,0.8593923477803069,Ambiguity,-8.13,gear24,gear24-medium-strong,None,end,60.01375988296718
AGS1997WRNO,2020-02-05-10-00-22,7,1.1255187662575887,Ambiguity,-8.13,gear24-medium,gear24,None,down,3.7529826556124135
AGS1997WRNO,2020-02-05-10-00-22,7,1.1255187662575887,Ambiguity,-8.13,gear24-medium,gear24,None,up,20.065758836786927
AGS1997WRNO,2020-02-05-10-00-22,7,1.1255187662575887,Ambiguity,-8.13,gear24-medium,gear24,None,down,36.712157678400445
AGS1997WRNO,2020-02-05-10-00-22,7,1.1255187662575887,Ambiguity,-8.13,gear24-medium,gear24,None,up,38.330084493673894
AGS1997WRNO,2020-02-05-10-00-22,7,1.1255187662575887,Ambiguity,-8.13,gear24-medium,gear24,None,down,40.64856024259939
AGS1997WRNO,2020-02-05-10-00-22,7,1.1255187662575887,Ambiguity,-8.13,gear24-medium,gear24,None,up,48.904986678617206
AGS1997WRNO,2020-02-05-10-00-22,7,1.1255187662575887,Ambiguity,-8.13,gear24-medium,gear24,None,down,55.21000514071352
AGS1997WRNO,2020-02-05-10-00-22,7,1.1255187662575887,Ambiguity,-8.13,gear24-medium,gear24,None,up,57.29493886967134
AGS1997WRNO,2020-02-05-10-00-22,7,1.1255187662575887,Ambiguity,-8.13,gear24-medium,gear24,None,down,59.463304542642845
AGS1997WRNO,2020-02-05-10-00-22,7,1.1255187662575887,Ambiguity,-8.13,gear24-medium,gear24,None,end,60.01367964678661
AGS1997WRNO,2020-02-05-10-00-22,8,0.723966235813322,Ambiguity,-8.13,gear24,gear24-weak,None,up,2.652140082419237
AGS1997WRNO,2020-02-05-10-00-22,8,0.723966235813322,Ambiguity,-8.13,gear24,gear24-weak,None,down,4.33682464382764
AGS1997WRNO,2020-02-05-10-00-22,8,0.723966235813322,Ambiguity,-8.13,gear24,gear24-weak,None,up,24.2866086125764
AGS1997WRNO,2020-02-05-10-00-22,8,0.723966235813322,Ambiguity,-8.13,gear24,gear24-weak,None,down,26.02045618311513
AGS1997WRNO,2020-02-05-10-00-22,8,0.723966235813322,Ambiguity,-8.13,gear24,gear24-weak,None,up,27.888613832904184
AGS1997WRNO,2020-02-05-10-00-22,8,0.723966235813322,Ambiguity,-8.13,gear24,gear24-weak,None,down,29.206320185277264
AGS1997WRNO,2020-02-05-10-00-22,8,0.723966235813322,Ambiguity,-8.13,gear24,gear24-weak,None,up,31.80826351800829
AGS1997WRNO,2020-02-05-10-00-22,8,0.723966235813322,Ambiguity,-8.13,gear24,gear24-weak,None,down,33.926718865796374
AGS1997WRNO,2020-02-05-10-00-22,8,0.723966235813322,Ambiguity,-8.13,gear24,gear24-weak,None,up,35.09422215532413
AGS1997WRNO,2020-02-05-10-00-22,8,0.723966235813322,Ambiguity,-8.13,gear24,gear24-weak,None,down,37.0791131849503
AGS1997WRNO,2020-02-05-10-00-22,8,0.723966235813322,Ambiguity,-8.13,gear24,gear24-weak,None,unclear,40.38167666871823
AGS1997WRNO,2020-02-05-10-00-22,8,0.723966235813322,Ambiguity,-8.13,gear24,gear24-weak,None,up,40.38173140347703
AGS1997WRNO,2020-02-05-10-00-22,8,0.723966235813322,Ambiguity,-8.13,gear24,gear24-weak,None,down,44.76846761645993
AGS1997WRNO,2020-02-05-10-00-22,8,0.723966235813322,Ambiguity,-8.13,gear24,gear24-weak,None,up,47.1703012930775
AGS1997WRNO,2020-02-05-10-00-22,8,0.723966235813322,Ambiguity,-8.13,gear24,gear24-weak,None,down,49.08853689324883
AGS1997WRNO,2020-02-05-10-00-22,8,0.723966235813322,Ambiguity,-8.13,gear24,gear24-weak,None,up,50.856595553982515
AGS1997WRNO,2020-02-05-10-00-22,8,0.723966235813322,Ambiguity,-8.13,gear24,gear24-weak,None,down,52.74138914951823
AGS1997WRNO,2020-02-05-10-00-22,8,0.723966235813322,Ambiguity,-8.13,gear24,gear24-weak,None,end,60.01369737338473
AGS1997WRNO,2020-02-05-10-00-22,9,1.3547110104555709,Occlusion,-8.13,gear24,gear24,16.26,down,3.36932713876854
AGS1997WRNO,2020-02-05-10-00-22,9,1.3547110104555709,Occlusion,-8.13,gear24,gear24,16.26,up,4.403476963352887
AGS1997WRNO,2020-02-05-10-00-22,9,1.3547110104555709,Occlusion,-8.13,gear24,gear24,16.26,down,11.442284529313838
AGS1997WRNO,2020-02-05-10-00-22,9,1.3547110104555709,Occlusion,-8.13,gear24,gear24,16.26,up,13.04354585451074
AGS1997WRNO,2020-02-05-10-00-22,9,1.3547110104555709,Occlusion,-8.13,gear24,gear24,16.26,down,17.246865268836245
AGS1997WRNO,2020-02-05-10-00-22,9,1.3547110104555709,Occlusion,-8.13,gear24,gear24,16.26,up,20.265934112412197
AGS1997WRNO,2020-02-05-10-00-22,9,1.3547110104555709,Occlusion,-8.13,gear24,gear24,16.26,unclear,20.466087929524065
AGS1997WRNO,2020-02-05-10-00-22,9,1.3547110104555709,Occlusion,-8.13,gear24,gear24,16.26,right,20.949760022291912
AGS1997WRNO,2020-02-05-10-00-22,9,1.3547110104555709,Occlusion,-8.13,gear24,gear24,16.26,left,22.467690787176025
AGS1997WRNO,2020-02-05-10-00-22,9,1.3547110104555709,Occlusion,-8.13,gear24,gear24,16.26,right,34.110107364095256
AGS1997WRNO,2020-02-05-10-00-22,9,1.3547110104555709,Occlusion,-8.13,gear24,gear24,16.26,unclear,39.03065395286035
AGS1997WRNO,2020-02-05-10-00-22,9,1.3547110104555709,Occlusion,-8.13,gear24,gear24,16.26,down,39.04730140534616
AGS1997WRNO,2020-02-05-10-00-22,9,1.3547110104555709,Occlusion,-8.13,gear24,gear24,16.26,up,41.599330680978255
AGS1997WRNO,2020-02-05-10-00-22,9,1.3547110104555709,Occlusion,-8.13,gear24,gear24,16.26,down,49.13857565851981
AGS1997WRNO,2020-02-05-10-00-22,9,1.3547110104555709,Occlusion,-8.13,gear24,gear24,16.26,up,50.82317905076866
AGS1997WRNO,2020-02-05-10-00-22,9,1.3547110104555709,Occlusion,-8.13,gear24,gear24,16.26,down,52.95825168472652
AGS1997WRNO,2020-02-05-10-00-22,9,1.3547110104555709,Occlusion,-8.13,gear24,gear24,16.26,right,59.796894548822365
AGS1997WRNO,2020-02-05-10-00-22,9,1.3547110104555709,Occlusion,-8.13,gear24,gear24,16.26,end,60.01370141629309
AGS1997WRNO,2020-02-05-10-00-22,10,1.3296079033169208,Separation,65.04,gear24,gear24,None,up,7.405869743091898
AGS1997WRNO,2020-02-05-10-00-22,10,1.3296079033169208,Separation,65.04,gear24,gear24,None,down,13.611706334335395
AGS1997WRNO,2020-02-05-10-00-22,10,1.3296079033169208,Separation,65.04,gear24,gear24,None,up,15.412129098148398
AGS1997WRNO,2020-02-05-10-00-22,10,1.3296079033169208,Separation,65.04,gear24,gear24,None,left,17.130110741478802
AGS1997WRNO,2020-02-05-10-00-22,10,1.3296079033169208,Separation,65.04,gear24,gear24,None,down,24.319125102200132
AGS1997WRNO,2020-02-05-10-00-22,10,1.3296079033169208,Separation,65.04,gear24,gear24,None,up,25.970370768902058
AGS1997WRNO,2020-02-05-10-00-22,10,1.3296079033169208,Separation,65.04,gear24,gear24,None,unclear,40.94881491472415
AGS1997WRNO,2020-02-05-10-00-22,10,1.3296079033169208,Separation,65.04,gear24,gear24,None,left,40.96549844239189
AGS1997WRNO,2020-02-05-10-00-22,10,1.3296079033169208,Separation,65.04,gear24,gear24,None,right,42.967065846847845
AGS1997WRNO,2020-02-05-10-00-22,10,1.3296079033169208,Separation,65.04,gear24,gear24,None,down,44.46827949682597
AGS1997WRNO,2020-02-05-10-00-22,10,1.3296079033169208,Separation,65.04,gear24,gear24,None,up,48.688195049800925
AGS1997WRNO,2020-02-05-10-00-22,10,1.3296079033169208,Separation,65.04,gear24,gear24,None,left,52.80811175344979
AGS1997WRNO,2020-02-05-10-00-22,10,1.3296079033169208,Separation,65.04,gear24,gear24,None,right,56.37761541181544
AGS1997WRNO,2020-02-05-10-00-22,10,1.3296079033169208,Separation,65.04,gear24,gear24,None,down,59.74687973000846
AGS1997WRNO,2020-02-05-10-00-22,10,1.3296079033169208,Separation,65.04,gear24,gear24,None,end,60.01370577019429
AGS1997WRNO,2020-02-05-10-00-22,11,1.3351912570646967,Separation,8.13,gear24,gear24,None,down,1.234368639222339
AGS1997WRNO,2020-02-05-10-00-22,11,1.3351912570646967,Separation,8.13,gear24,gear24,None,unclear,4.33679292254692
AGS1997WRNO,2020-02-05-10-00-22,11,1.3351912570646967,Separation,8.13,gear24,gear24,None,up,4.503594922977754
AGS1997WRNO,2020-02-05-10-00-22,11,1.3351912570646967,Separation,8.13,gear24,gear24,None,unclear,9.958387588644655
AGS1997WRNO,2020-02-05-10-00-22,11,1.3351912570646967,Separation,8.13,gear24,gear24,None,down,10.107991057086792
AGS1997WRNO,2020-02-05-10-00-22,11,1.3351912570646967,Separation,8.13,gear24,gear24,None,up,14.961841476320842
AGS1997WRNO,2020-02-05-10-00-22,11,1.3351912570646967,Separation,8.13,gear24,gear24,None,down,16.546398437322523
AGS1997WRNO,2020-02-05-10-00-22,11,1.3351912570646967,Separation,8.13,gear24,gear24,None,up,17.914095973045505
AGS1997WRNO,2020-02-05-10-00-22,11,1.3351912570646967,Separation,8.13,gear24,gear24,None,down,20.482728229171926
AGS1997WRNO,2020-02-05-10-00-22,11,1.3351912570646967,Separation,8.13,gear24,gear24,None,right,23.318396756716766
AGS1997WRNO,2020-02-05-10-00-22,11,1.3351912570646967,Separation,8.13,gear24,gear24,None,up,24.435885538423463
AGS1997WRNO,2020-02-05-10-00-22,11,1.3351912570646967,Separation,8.13,gear24,gear24,None,down,27.104632955238458
AGS1997WRNO,2020-02-05-10-00-22,11,1.3351912570646967,Separation,8.13,gear24,gear24,None,up,31.141181468427703
AGS1997WRNO,2020-02-05-10-00-22,11,1.3351912570646967,Separation,8.13,gear24,gear24,None,down,32.95922633662417
AGS1997WRNO,2020-02-05-10-00-22,11,1.3351912570646967,Separation,8.13,gear24,gear24,None,right,35.377788945879956
AGS1997WRNO,2020-02-05-10-00-22,11,1.3351912570646967,Separation,8.13,gear24,gear24,None,down,36.46197069389041
AGS1997WRNO,2020-02-05-10-00-22,11,1.3351912570646967,Separation,8.13,gear24,gear24,None,up,39.18079481711584
AGS1997WRNO,2020-02-05-10-00-22,11,1.3351912570646967,Separation,8.13,gear24,gear24,None,down,41.11561567118338
AGS1997WRNO,2020-02-05-10-00-22,11,1.3351912570646967,Separation,8.13,gear24,gear24,None,up,42.366581071040855
AGS1997WRNO,2020-02-05-10-00-22,11,1.3351912570646967,Separation,8.13,gear24,gear24,None,down,43.21727491185675
AGS1997WRNO,2020-02-05-10-00-22,11,1.3351912570646967,Separation,8.13,gear24,gear24,None,unclear,49.08854373509371
AGS1997WRNO,2020-02-05-10-00-22,11,1.3351912570646967,Separation,8.13,gear24,gear24,None,up,49.12190363759123
AGS1997WRNO,2020-02-05-10-00-22,11,1.3351912570646967,Separation,8.13,gear24,gear24,None,down,55.77711042146689
AGS1997WRNO,2020-02-05-10-00-22,11,1.3351912570646967,Separation,8.13,gear24,gear24,None,up,58.39583959854531
AGS1997WRNO,2020-02-05-10-00-22,11,1.3351912570646967,Separation,8.13,gear24,gear24,None,down,59.896994781849344
AGS1997WRNO,2020-02-05-10-00-22,11,1.3351912570646967,Separation,8.13,gear24,gear24,None,end,60.01372474076402
AGS1997WRNO,2020-02-05-10-00-22,12,1.0924093652586482,Separation,32.52,gear24,gear24,None,up,3.402725293398589
AGS1997WRNO,2020-02-05-10-00-22,12,1.0924093652586482,Separation,32.52,gear24,gear24,None,unclear,12.976876430373295
AGS1997WRNO,2020-02-05-10-00-22,12,1.0924093652586482,Separation,32.52,gear24,gear24,None,down,12.993551872224316
AGS1997WRNO,2020-02-05-10-00-22,12,1.0924093652586482,Separation,32.52,gear24,gear24,None,up,16.162727681824435
AGS1997WRNO,2020-02-05-10-00-22,12,1.0924093652586482,Separation,32.52,gear24,gear24,None,unclear,24.51931654945861
AGS1997WRNO,2020-02-05-10-00-22,12,1.0924093652586482,Separation,32.52,gear24,gear24,None,down,24.535936012578986
AGS1997WRNO,2020-02-05-10-00-22,12,1.0924093652586482,Separation,32.52,gear24,gear24,None,up,27.38817020146439
AGS1997WRNO,2020-02-05-10-00-22,12,1.0924093652586482,Separation,32.52,gear24,gear24,None,down,31.391361922085707
AGS1997WRNO,2020-02-05-10-00-22,12,1.0924093652586482,Separation,32.52,gear24,gear24,None,up,38.53025572639103
AGS1997WRNO,2020-02-05-10-00-22,12,1.0924093652586482,Separation,32.52,gear24,gear24,None,down,42.51672597820516
AGS1997WRNO,2020-02-05-10-00-22,12,1.0924093652586482,Separation,32.52,gear24,gear24,None,unclear,47.35384373288571
AGS1997WRNO,2020-02-05-10-00-22,12,1.0924093652586482,Separation,32.52,gear24,gear24,None,up,47.40386850347409
AGS1997WRNO,2020-02-05-10-00-22,12,1.0924093652586482,Separation,32.52,gear24,gear24,None,down,52.15765663082061
AGS1997WRNO,2020-02-05-10-00-22,12,1.0924093652586482,Separation,32.52,gear24,gear24,None,unclear,57.04477956353389
AGS1997WRNO,2020-02-05-10-00-22,12,1.0924093652586482,Separation,32.52,gear24,gear24,None,up,57.11148226391674
AGS1997WRNO,2020-02-05-10-00-22,12,1.0924093652586482,Separation,32.52,gear24,gear24,None,end,60.013721630834425
AGS1997WRNO,2020-02-05-10-00-22,13,1.0549231948263342,Occlusion,-8.13,gear24,gear24,32.52,up,4.336778927864316
AGS1997WRNO,2020-02-05-10-00-22,13,1.0549231948263342,Occlusion,-8.13,gear24,gear24,32.52,unclear,11.875964505753018
AGS1997WRNO,2020-02-05-10-00-22,13,1.0549231948263342,Occlusion,-8.13,gear24,gear24,32.52,down,11.892636837674445
AGS1997WRNO,2020-02-05-10-00-22,13,1.0549231948263342,Occlusion,-8.13,gear24,gear24,32.52,right,14.345137796310155
AGS1997WRNO,2020-02-05-10-00-22,13,1.0549231948263342,Occlusion,-8.13,gear24,gear24,32.52,down,24.31906974545541
AGS1997WRNO,2020-02-05-10-00-22,13,1.0549231948263342,Occlusion,-8.13,gear24,gear24,32.52,unclear,36.49531069283944
AGS1997WRNO,2020-02-05-10-00-22,13,1.0549231948263342,Occlusion,-8.13,gear24,gear24,32.52,up,36.49593454469232
AGS1997WRNO,2020-02-05-10-00-22,13,1.0549231948263342,Occlusion,-8.13,gear24,gear24,32.52,unclear,39.280826320701635
AGS1997WRNO,2020-02-05-10-00-22,13,1.0549231948263342,Occlusion,-8.13,gear24,gear24,32.52,up,39.430958166161645
AGS1997WRNO,2020-02-05-10-00-22,13,1.0549231948263342,Occlusion,-8.13,gear24,gear24,32.52,unclear,40.18154057820425
AGS1997WRNO,2020-02-05-10-00-22,13,1.0549231948263342,Occlusion,-8.13,gear24,gear24,32.52,down,40.18159500197021
AGS1997WRNO,2020-02-05-10-00-22,13,1.0549231948263342,Occlusion,-8.13,gear24,gear24,32.52,unclear,40.948771064718585
AGS1997WRNO,2020-02-05-10-00-22,13,1.0549231948263342,Occlusion,-8.13,gear24,gear24,32.52,up,40.96547418494197
AGS1997WRNO,2020-02-05-10-00-22,13,1.0549231948263342,Occlusion,-8.13,gear24,gear24,32.52,unclear,42.0163078481869
AGS1997WRNO,2020-02-05-10-00-22,13,1.0549231948263342,Occlusion,-8.13,gear24,gear24,32.52,down,42.09969189928688
AGS1997WRNO,2020-02-05-10-00-22,13,1.0549231948263342,Occlusion,-8.13,gear24,gear24,32.52,unclear,43.13383083911799
AGS1997WRNO,2020-02-05-10-00-22,13,1.0549231948263342,Occlusion,-8.13,gear24,gear24,32.52,up,43.13388650685579
AGS1997WRNO,2020-02-05-10-00-22,13,1.0549231948263342,Occlusion,-8.13,gear24,gear24,32.52,down,44.03450902143891
AGS1997WRNO,2020-02-05-10-00-22,13,1.0549231948263342,Occlusion,-8.13,gear24,gear24,32.52,up,46.269627464658015
AGS1997WRNO,2020-02-05-10-00-22,13,1.0549231948263342,Occlusion,-8.13,gear24,gear24,32.52,unclear,47.787502872797404
AGS1997WRNO,2020-02-05-10-00-22,13,1.0549231948263342,Occlusion,-8.13,gear24,gear24,32.52,down,47.804161832022146
AGS1997WRNO,2020-02-05-10-00-22,13,1.0549231948263342,Occlusion,-8.13,gear24,gear24,32.52,unclear,51.60719475964447
AGS1997WRNO,2020-02-05-10-00-22,13,1.0549231948263342,Occlusion,-8.13,gear24,gear24,32.52,up,51.60724576248799
AGS1997WRNO,2020-02-05-10-00-22,13,1.0549231948263342,Occlusion,-8.13,gear24,gear24,32.52,right,52.90817466732301
AGS1997WRNO,2020-02-05-10-00-22,13,1.0549231948263342,Occlusion,-8.13,gear24,gear24,32.52,end,60.013680579765605
AGS1997WRNO,2020-02-05-10-00-22,14,0.9108798021028351,Ambiguity,-8.13,gear24,gear24-strong,None,up,2.6521413263910745
AGS1997WRNO,2020-02-05-10-00-22,14,0.9108798021028351,Ambiguity,-8.13,gear24,gear24-strong,None,end,60.01377387764978
AGS1997WRNO,2020-02-05-10-00-22,15,0.9171033038579139,Separation,32.52,gear24,gear24,None,down,7.6060111204856184
AGS1997WRNO,2020-02-05-10-00-22,15,0.9171033038579139,Separation,32.52,gear24,gear24,None,up,41.399170955000045
AGS1997WRNO,2020-02-05-10-00-22,15,0.9171033038579139,Separation,32.52,gear24,gear24,None,down,49.80571586378119
AGS1997WRNO,2020-02-05-10-00-22,15,0.9171033038579139,Separation,32.52,gear24,gear24,None,up,58.746068349408006
AGS1997WRNO,2020-02-05-10-00-22,15,0.9171033038579139,Separation,32.52,gear24,gear24,None,end,60.01376921275573
AGS1997WRNO,2020-02-05-10-00-22,16,0.8301816424375488,Ambiguity,-8.13,gear24-medium-strong,gear24,None,left,2.1183881733113594
AGS1997WRNO,2020-02-05-10-00-22,16,0.8301816424375488,Ambiguity,-8.13,gear24-medium-strong,gear24,None,down,2.118488624033489
AGS1997WRNO,2020-02-05-10-00-22,16,0.8301816424375488,Ambiguity,-8.13,gear24-medium-strong,gear24,None,end,60.01381026382478
AGS1997WRNO,2020-02-05-10-00-22,17,0.8407282999835601,Separation,0.0,gear24,gear24,None,down,2.619035505131933
AGS1997WRNO,2020-02-05-10-00-22,17,0.8407282999835601,Separation,0.0,gear24,gear24,None,up,5.320745375457136
AGS1997WRNO,2020-02-05-10-00-22,17,0.8407282999835601,Separation,0.0,gear24,gear24,None,down,13.627341504776723
AGS1997WRNO,2020-02-05-10-00-22,17,0.8407282999835601,Separation,0.0,gear24,gear24,None,up,21.46677895585367
AGS1997WRNO,2020-02-05-10-00-22,17,0.8407282999835601,Separation,0.0,gear24,gear24,None,down,28.90599740569678
AGS1997WRNO,2020-02-05-10-00-22,17,0.8407282999835601,Separation,0.0,gear24,gear24,None,up,29.940083165733995
AGS1997WRNO,2020-02-05-10-00-22,17,0.8407282999835601,Separation,0.0,gear24,gear24,None,down,31.14102037408111
AGS1997WRNO,2020-02-05-10-00-22,17,0.8407282999835601,Separation,0.0,gear24,gear24,None,up,33.84313111431584
AGS1997WRNO,2020-02-05-10-00-22,17,0.8407282999835601,Separation,0.0,gear24,gear24,None,down,36.161598155438696
AGS1997WRNO,2020-02-05-10-00-22,17,0.8407282999835601,Separation,0.0,gear24,gear24,None,up,48.98834771623888
AGS1997WRNO,2020-02-05-10-00-22,17,0.8407282999835601,Separation,0.0,gear24,gear24,None,down,54.74286294509693
AGS1997WRNO,2020-02-05-10-00-22,17,0.8407282999835601,Separation,0.0,gear24,gear24,None,up,57.161444524922445
AGS1997WRNO,2020-02-05-10-00-22,17,0.8407282999835601,Separation,0.0,gear24,gear24,None,end,60.01359225776855
AGS1997WRNO,2020-02-05-10-00-22,18,1.2671736166689356,Control,-8.13,gear24,gear24,None,down,1.8515157951760557
AGS1997WRNO,2020-02-05-10-00-22,18,1.2671736166689356,Control,-8.13,gear24,gear24,None,up,4.153322633102562
AGS1997WRNO,2020-02-05-10-00-22,18,1.2671736166689356,Control,-8.13,gear24,gear24,None,down,6.405063649371641
AGS1997WRNO,2020-02-05-10-00-22,18,1.2671736166689356,Control,-8.13,gear24,gear24,None,up,7.489296400225157
AGS1997WRNO,2020-02-05-10-00-22,18,1.2671736166689356,Control,-8.13,gear24,gear24,None,down,9.99126949498168
AGS1997WRNO,2020-02-05-10-00-22,18,1.2671736166689356,Control,-8.13,gear24,gear24,None,up,12.209620753430045
AGS1997WRNO,2020-02-05-10-00-22,18,1.2671736166689356,Control,-8.13,gear24,gear24,None,down,13.093654282201442
AGS1997WRNO,2020-02-05-10-00-22,18,1.2671736166689356,Control,-8.13,gear24,gear24,None,up,14.778325159920314
AGS1997WRNO,2020-02-05-10-00-22,18,1.2671736166689356,Control,-8.13,gear24,gear24,None,down,16.04596164772738
AGS1997WRNO,2020-02-05-10-00-22,18,1.2671736166689356,Control,-8.13,gear24,gear24,None,up,17.964162105695777
AGS1997WRNO,2020-02-05-10-00-22,18,1.2671736166689356,Control,-8.13,gear24,gear24,None,down,19.632127375247364
AGS1997WRNO,2020-02-05-10-00-22,18,1.2671736166689356,Control,-8.13,gear24,gear24,None,up,20.716289530701943
AGS1997WRNO,2020-02-05-10-00-22,18,1.2671736166689356,Control,-8.13,gear24,gear24,None,down,22.08410586573109
AGS1997WRNO,2020-02-05-10-00-22,18,1.2671736166689356,Control,-8.13,gear24,gear24,None,up,23.084814929651657
AGS1997WRNO,2020-02-05-10-00-22,18,1.2671736166689356,Control,-8.13,gear24,gear24,None,down,24.36921953520823
AGS1997WRNO,2020-02-05-10-00-22,18,1.2671736166689356,Control,-8.13,gear24,gear24,None,up,26.137268555160972
AGS1997WRNO,2020-02-05-10-00-22,18,1.2671736166689356,Control,-8.13,gear24,gear24,None,down,27.805257460176563
AGS1997WRNO,2020-02-05-10-00-22,18,1.2671736166689356,Control,-8.13,gear24,gear24,None,up,32.02609759518464
AGS1997WRNO,2020-02-05-10-00-22,18,1.2671736166689356,Control,-8.13,gear24,gear24,None,down,35.110947667039454
AGS1997WRNO,2020-02-05-10-00-22,18,1.2671736166689356,Control,-8.13,gear24,gear24,None,up,36.89565284728042
AGS1997WRNO,2020-02-05-10-00-22,18,1.2671736166689356,Control,-8.13,gear24,gear24,None,down,38.28010077415456
AGS1997WRNO,2020-02-05-10-00-22,18,1.2671736166689356,Control,-8.13,gear24,gear24,None,up,42.85034677268595
AGS1997WRNO,2020-02-05-10-00-22,18,1.2671736166689356,Control,-8.13,gear24,gear24,None,down,44.48495587165553
AGS1997WRNO,2020-02-05-10-00-22,18,1.2671736166689356,Control,-8.13,gear24,gear24,None,up,46.20297203520295
AGS1997WRNO,2020-02-05-10-00-22,18,1.2671736166689356,Control,-8.13,gear24,gear24,None,down,49.93928111492187
AGS1997WRNO,2020-02-05-10-00-22,18,1.2671736166689356,Control,-8.13,gear24,gear24,None,up,53.525343281790356
AGS1997WRNO,2020-02-05-10-00-22,18,1.2671736166689356,Control,-8.13,gear24,gear24,None,down,54.709592297575455
AGS1997WRNO,2020-02-05-10-00-22,18,1.2671736166689356,Control,-8.13,gear24,gear24,None,up,56.54482077009925
AGS1997WRNO,2020-02-05-10-00-22,18,1.2671736166689356,Control,-8.13,gear24,gear24,None,end,60.01375024218578
AGS1997WRNO,2020-02-05-10-00-22,19,0.9451515209563655,Occlusion,-8.13,gear24,gear24,32.52,up,6.02146411125841
AGS1997WRNO,2020-02-05-10-00-22,19,0.9451515209563655,Occlusion,-8.13,gear24,gear24,32.52,right,9.724359797693069
AGS1997WRNO,2020-02-05-10-00-22,19,0.9451515209563655,Occlusion,-8.13,gear24,gear24,32.52,up,22.000623851853106
AGS1997WRNO,2020-02-05-10-00-22,19,0.9451515209563655,Occlusion,-8.13,gear24,gear24,32.52,left,23.585166196186037
AGS1997WRNO,2020-02-05-10-00-22,19,0.9451515209563655,Occlusion,-8.13,gear24,gear24,32.52,right,25.620146682933864
AGS1997WRNO,2020-02-05-10-00-22,19,0.9451515209563655,Occlusion,-8.13,gear24,gear24,32.52,down,27.18803193399981
AGS1997WRNO,2020-02-05-10-00-22,19,0.9451515209563655,Occlusion,-8.13,gear24,gear24,32.52,unclear,37.97982868642475
AGS1997WRNO,2020-02-05-10-00-22,19,0.9451515209563655,Occlusion,-8.13,gear24,gear24,32.52,left,38.07990310703735
AGS1997WRNO,2020-02-05-10-00-22,19,0.9451515209563655,Occlusion,-8.13,gear24,gear24,32.52,right,39.164086410012715
AGS1997WRNO,2020-02-05-10-00-22,19,0.9451515209563655,Occlusion,-8.13,gear24,gear24,32.52,down,45.652521359773345
AGS1997WRNO,2020-02-05-10-00-22,19,0.9451515209563655,Occlusion,-8.13,gear24,gear24,32.52,right,51.52383154507197
AGS1997WRNO,2020-02-05-10-00-22,19,0.9451515209563655,Occlusion,-8.13,gear24,gear24,32.52,left,55.0432065612049
AGS1997WRNO,2020-02-05-10-00-22,19,0.9451515209563655,Occlusion,-8.13,gear24,gear24,32.52,right,59.98094390713504
AGS1997WRNO,2020-02-05-10-00-22,19,0.9451515209563655,Occlusion,-8.13,gear24,gear24,32.52,end,60.01371509998262
AGS1997WRNO,2020-02-05-10-00-22,20,1.1600662609067,Ambiguity,-8.13,gear24,gear24-weak,None,right,6.505120965372043
AGS1997WRNO,2020-02-05-10-00-22,20,1.1600662609067,Ambiguity,-8.13,gear24,gear24-weak,None,down,8.323200975771215
AGS1997WRNO,2020-02-05-10-00-22,20,1.1600662609067,Ambiguity,-8.13,gear24,gear24-weak,None,right,9.974556111991205
AGS1997WRNO,2020-02-05-10-00-22,20,1.1600662609067,Ambiguity,-8.13,gear24,gear24-weak,None,up,12.643228268512303
AGS1997WRNO,2020-02-05-10-00-22,20,1.1600662609067,Ambiguity,-8.13,gear24,gear24-weak,None,down,21.98397049050118
AGS1997WRNO,2020-02-05-10-00-22,20,1.1600662609067,Ambiguity,-8.13,gear24,gear24-weak,None,right,23.151559925075617
AGS1997WRNO,2020-02-05-10-00-22,20,1.1600662609067,Ambiguity,-8.13,gear24,gear24-weak,None,up,26.27063414882923
AGS1997WRNO,2020-02-05-10-00-22,20,1.1600662609067,Ambiguity,-8.13,gear24,gear24-weak,None,down,27.688364851950155
AGS1997WRNO,2020-02-05-10-00-22,20,1.1600662609067,Ambiguity,-8.13,gear24,gear24-weak,None,up,41.0655666431453
AGS1997WRNO,2020-02-05-10-00-22,20,1.1600662609067,Ambiguity,-8.13,gear24,gear24-weak,None,down,42.53343438530828
AGS1997WRNO,2020-02-05-10-00-22,20,1.1600662609067,Ambiguity,-8.13,gear24,gear24-weak,None,up,45.052351619822275
AGS1997WRNO,2020-02-05-10-00-22,20,1.1600662609067,Ambiguity,-8.13,gear24,gear24-weak,None,down,47.804147526346696
AGS1997WRNO,2020-02-05-10-00-22,20,1.1600662609067,Ambiguity,-8.13,gear24,gear24-weak,None,up,49.088500196080986
AGS1997WRNO,2020-02-05-10-00-22,20,1.1600662609067,Ambiguity,-8.13,gear24,gear24-weak,None,down,50.52297849141678
AGS1997WRNO,2020-02-05-10-00-22,20,1.1600662609067,Ambiguity,-8.13,gear24,gear24-weak,None,up,53.27513514975999
AGS1997WRNO,2020-02-05-10-00-22,20,1.1600662609067,Ambiguity,-8.13,gear24,gear24-weak,None,down,54.85976426112575
AGS1997WRNO,2020-02-05-10-00-22,20,1.1600662609067,Ambiguity,-8.13,gear24,gear24-weak,None,up,56.14402985283505
AGS1997WRNO,2020-02-05-10-00-22,20,1.1600662609067,Ambiguity,-8.13,gear24,gear24-weak,None,down,59.696851227504794
AGS1997WRNO,2020-02-05-10-00-22,20,1.1600662609067,Ambiguity,-8.13,gear24,gear24-weak,None,end,60.01367746983624
AGS1997WRNO,2020-02-05-10-00-22,21,0.7697095568620655,Separation,65.04,gear24,gear24,None,left,6.555228460084436
AGS1997WRNO,2020-02-05-10-00-22,21,0.7697095568620655,Separation,65.04,gear24,gear24,None,down,13.727540633561148
AGS1997WRNO,2020-02-05-10-00-22,21,0.7697095568620655,Separation,65.04,gear24,gear24,None,right,19.48287843876551
AGS1997WRNO,2020-02-05-10-00-22,21,0.7697095568620655,Separation,65.04,gear24,gear24,None,down,22.36757313854423
AGS1997WRNO,2020-02-05-10-00-22,21,0.7697095568620655,Separation,65.04,gear24,gear24,None,right,44.51833070181465
AGS1997WRNO,2020-02-05-10-00-22,21,0.7697095568620655,Separation,65.04,gear24,gear24,None,end,60.01375863899557
AGS1997WRNO,2020-02-05-10-00-22,22,1.3702670029312118,Occlusion,-8.13,gear24,gear24,8.13,up,4.386859366190038
AGS1997WRNO,2020-02-05-10-00-22,22,1.3702670029312118,Occlusion,-8.13,gear24,gear24,8.13,unclear,6.638653251260166
AGS1997WRNO,2020-02-05-10-00-22,22,1.3702670029312118,Occlusion,-8.13,gear24,gear24,8.13,down,6.65528888601375
AGS1997WRNO,2020-02-05-10-00-22,22,1.3702670029312118,Occlusion,-8.13,gear24,gear24,8.13,unclear,10.224744651465244
AGS1997WRNO,2020-02-05-10-00-22,22,1.3702670029312118,Occlusion,-8.13,gear24,gear24,8.13,up,10.241403610690213
AGS1997WRNO,2020-02-05-10-00-22,22,1.3702670029312118,Occlusion,-8.13,gear24,gear24,8.13,unclear,32.408832883896594
AGS1997WRNO,2020-02-05-10-00-22,22,1.3702670029312118,Occlusion,-8.13,gear24,gear24,8.13,down,32.40888855163439
AGS1997WRNO,2020-02-05-10-00-22,22,1.3702670029312118,Occlusion,-8.13,gear24,gear24,8.13,up,36.195099248734095
AGS1997WRNO,2020-02-05-10-00-22,22,1.3702670029312118,Occlusion,-8.13,gear24,gear24,8.13,left,39.547762141397925
AGS1997WRNO,2020-02-05-10-00-22,22,1.3702670029312118,Occlusion,-8.13,gear24,gear24,8.13,down,41.015577636746
AGS1997WRNO,2020-02-05-10-00-22,22,1.3702670029312118,Occlusion,-8.13,gear24,gear24,8.13,right,47.587397881578
AGS1997WRNO,2020-02-05-10-00-22,22,1.3702670029312118,Occlusion,-8.13,gear24,gear24,8.13,up,54.009135728828824
AGS1997WRNO,2020-02-05-10-00-22,22,1.3702670029312118,Occlusion,-8.13,gear24,gear24,8.13,unclear,55.42687545074523
AGS1997WRNO,2020-02-05-10-00-22,22,1.3702670029312118,Occlusion,-8.13,gear24,gear24,8.13,down,55.44354747167381
AGS1997WRNO,2020-02-05-10-00-22,22,1.3702670029312118,Occlusion,-8.13,gear24,gear24,8.13,end,60.01381617269044
AGS1997WRNO,2020-02-05-10-00-22,23,1.0290476826051538,Occlusion,-8.13,gear24,gear24,65.04,left,2.018324637452224
AGS1997WRNO,2020-02-05-10-00-22,23,1.0290476826051538,Occlusion,-8.13,gear24,gear24,65.04,up,7.355783395899834
AGS1997WRNO,2020-02-05-10-00-22,23,1.0290476826051538,Occlusion,-8.13,gear24,gear24,65.04,right,12.509839661365731
AGS1997WRNO,2020-02-05-10-00-22,23,1.0290476826051538,Occlusion,-8.13,gear24,gear24,65.04,left,22.717842940475748
AGS1997WRNO,2020-02-05-10-00-22,23,1.0290476826051538,Occlusion,-8.13,gear24,gear24,65.04,right,35.09419230000094
AGS1997WRNO,2020-02-05-10-00-22,23,1.0290476826051538,Occlusion,-8.13,gear24,gear24,65.04,left,41.24906398897565
AGS1997WRNO,2020-02-05-10-00-22,23,1.0290476826051538,Occlusion,-8.13,gear24,gear24,65.04,right,47.10362471610233
AGS1997WRNO,2020-02-05-10-00-22,23,1.0290476826051538,Occlusion,-8.13,gear24,gear24,65.04,end,60.01382021559857
AGS1997WRNO,2020-02-05-10-00-22,24,0.9366207360421185,Ambiguity,-8.13,gear24,gear24-medium,None,up,4.637010897503842
AGS1997WRNO,2020-02-05-10-00-22,24,0.9366207360421185,Ambiguity,-8.13,gear24,gear24-medium,None,down,22.95141139484349
AGS1997WRNO,2020-02-05-10-00-22,24,0.9366207360421185,Ambiguity,-8.13,gear24,gear24-medium,None,up,28.539064601631708
AGS1997WRNO,2020-02-05-10-00-22,24,0.9366207360421185,Ambiguity,-8.13,gear24,gear24-medium,None,down,29.890158845867518
AGS1997WRNO,2020-02-05-10-00-22,24,0.9366207360421185,Ambiguity,-8.13,gear24,gear24-medium,None,up,41.14898210453248
AGS1997WRNO,2020-02-05-10-00-22,24,0.9366207360421185,Ambiguity,-8.13,gear24,gear24-medium,None,end,60.013726606721775
AGS1997WRNO,2020-02-05-10-00-22,25,0.954704720308057,Separation,8.13,gear24,gear24,None,down,1.78479008131535
AGS1997WRNO,2020-02-05-10-00-22,25,0.954704720308057,Separation,8.13,gear24,gear24,None,up,10.508279409747956
AGS1997WRNO,2020-02-05-10-00-22,25,0.954704720308057,Separation,8.13,gear24,gear24,None,down,16.84658033709775
AGS1997WRNO,2020-02-05-10-00-22,25,0.954704720308057,Separation,8.13,gear24,gear24,None,up,21.43347098917866
AGS1997WRNO,2020-02-05-10-00-22,25,0.954704720308057,Separation,8.13,gear24,gear24,None,down,27.354841709254742
AGS1997WRNO,2020-02-05-10-00-22,25,0.954704720308057,Separation,8.13,gear24,gear24,None,up,29.02278023341296
AGS1997WRNO,2020-02-05-10-00-22,25,0.954704720308057,Separation,8.13,gear24,gear24,None,down,30.2737733116428
AGS1997WRNO,2020-02-05-10-00-22,25,0.954704720308057,Separation,8.13,gear24,gear24,None,up,35.72809668895161
AGS1997WRNO,2020-02-05-10-00-22,25,0.954704720308057,Separation,8.13,gear24,gear24,None,down,36.795561011063
AGS1997WRNO,2020-02-05-10-00-22,25,0.954704720308057,Separation,8.13,gear24,gear24,None,up,40.61521215783387
AGS1997WRNO,2020-02-05-10-00-22,25,0.954704720308057,Separation,8.13,gear24,gear24,None,down,42.14983951208933
AGS1997WRNO,2020-02-05-10-00-22,25,0.954704720308057,Separation,8.13,gear24,gear24,None,up,43.734356976986874
AGS1997WRNO,2020-02-05-10-00-22,25,0.954704720308057,Separation,8.13,gear24,gear24,None,down,45.268940170243695
AGS1997WRNO,2020-02-05-10-00-22,25,0.954704720308057,Separation,8.13,gear24,gear24,None,up,48.50479473376981
AGS1997WRNO,2020-02-05-10-00-22,25,0.954704720308057,Separation,8.13,gear24,gear24,None,down,49.472208581726136
AGS1997WRNO,2020-02-05-10-00-22,25,0.954704720308057,Separation,8.13,gear24,gear24,None,up,52.34112163338477
AGS1997WRNO,2020-02-05-10-00-22,25,0.954704720308057,Separation,8.13,gear24,gear24,None,down,56.0439796896726
AGS1997WRNO,2020-02-05-10-00-22,25,0.954704720308057,Separation,8.13,gear24,gear24,None,end,60.01369364146967
AGS1997WRNO,2020-02-05-10-00-22,26,0.736922561490935,Occlusion,-8.13,gear24,gear24,16.26,down,2.51867497100784
AGS1997WRNO,2020-02-05-10-00-22,26,0.736922561490935,Occlusion,-8.13,gear24,gear24,16.26,up,15.462223842150252
AGS1997WRNO,2020-02-05-10-00-22,26,0.736922561490935,Occlusion,-8.13,gear24,gear24,16.26,down,17.59722245978628
AGS1997WRNO,2020-02-05-10-00-22,26,0.736922561490935,Occlusion,-8.13,gear24,gear24,16.26,up,21.03321871169919
AGS1997WRNO,2020-02-05-10-00-22,26,0.736922561490935,Occlusion,-8.13,gear24,gear24,16.26,down,28.856017729086034
AGS1997WRNO,2020-02-05-10-00-22,26,0.736922561490935,Occlusion,-8.13,gear24,gear24,16.26,up,36.89563574266822
AGS1997WRNO,2020-02-05-10-00-22,26,0.736922561490935,Occlusion,-8.13,gear24,gear24,16.26,right,38.09658228080389
AGS1997WRNO,2020-02-05-10-00-22,26,0.736922561490935,Occlusion,-8.13,gear24,gear24,16.26,left,41.232376729392854
AGS1997WRNO,2020-02-05-10-00-22,26,0.736922561490935,Occlusion,-8.13,gear24,gear24,16.26,end,60.013696440405965
AGS1997WRNO,2020-02-05-10-00-22,27,1.3620854215754412,Occlusion,-8.13,gear24,gear24,16.26,left,2.969046249938401
AGS1997WRNO,2020-02-05-10-00-22,27,1.3620854215754412,Occlusion,-8.13,gear24,gear24,16.26,down,6.188264867717862
AGS1997WRNO,2020-02-05-10-00-22,27,1.3620854215754412,Occlusion,-8.13,gear24,gear24,16.26,right,18.08086252028079
AGS1997WRNO,2020-02-05-10-00-22,27,1.3620854215754412,Occlusion,-8.13,gear24,gear24,16.26,up,23.284971856693573
AGS1997WRNO,2020-02-05-10-00-22,27,1.3620854215754412,Occlusion,-8.13,gear24,gear24,16.26,down,27.971932886478044
AGS1997WRNO,2020-02-05-10-00-22,27,1.3620854215754412,Occlusion,-8.13,gear24,gear24,16.26,up,29.589887069131237
AGS1997WRNO,2020-02-05-10-00-22,27,1.3620854215754412,Occlusion,-8.13,gear24,gear24,16.26,down,30.724165116107997
AGS1997WRNO,2020-02-05-10-00-22,27,1.3620854215754412,Occlusion,-8.13,gear24,gear24,16.26,up,31.724891906626453
AGS1997WRNO,2020-02-05-10-00-22,27,1.3620854215754412,Occlusion,-8.13,gear24,gear24,16.26,down,32.759021516669236
AGS1997WRNO,2020-02-05-10-00-22,27,1.3620854215754412,Occlusion,-8.13,gear24,gear24,16.26,up,33.72648201356742
AGS1997WRNO,2020-02-05-10-00-22,27,1.3620854215754412,Occlusion,-8.13,gear24,gear24,16.26,down,35.11096010675783
AGS1997WRNO,2020-02-05-10-00-22,27,1.3620854215754412,Occlusion,-8.13,gear24,gear24,16.26,up,36.36185460022352
AGS1997WRNO,2020-02-05-10-00-22,27,1.3620854215754412,Occlusion,-8.13,gear24,gear24,16.26,down,37.56287577666626
AGS1997WRNO,2020-02-05-10-00-22,27,1.3620854215754412,Occlusion,-8.13,gear24,gear24,16.26,up,38.68036331440135
AGS1997WRNO,2020-02-05-10-00-22,27,1.3620854215754412,Occlusion,-8.13,gear24,gear24,16.26,down,39.914727910715555
AGS1997WRNO,2020-02-05-10-00-22,27,1.3620854215754412,Occlusion,-8.13,gear24,gear24,16.26,up,41.23236086875295
AGS1997WRNO,2020-02-05-10-00-22,27,1.3620854215754412,Occlusion,-8.13,gear24,gear24,16.26,down,42.58342090376436
AGS1997WRNO,2020-02-05-10-00-22,27,1.3620854215754412,Occlusion,-8.13,gear24,gear24,16.26,up,45.98609519431966
AGS1997WRNO,2020-02-05-10-00-22,27,1.3620854215754412,Occlusion,-8.13,gear24,gear24,16.26,down,47.13698057569172
AGS1997WRNO,2020-02-05-10-00-22,27,1.3620854215754412,Occlusion,-8.13,gear24,gear24,16.26,up,48.45467790926932
AGS1997WRNO,2020-02-05-10-00-22,27,1.3620854215754412,Occlusion,-8.13,gear24,gear24,16.26,down,51.073409263298345
AGS1997WRNO,2020-02-05-10-00-22,27,1.3620854215754412,Occlusion,-8.13,gear24,gear24,16.26,up,52.94156287017904
AGS1997WRNO,2020-02-05-10-00-22,27,1.3620854215754412,Occlusion,-8.13,gear24,gear24,16.26,down,54.94312529874787
AGS1997WRNO,2020-02-05-10-00-22,27,1.3620854215754412,Occlusion,-8.13,gear24,gear24,16.26,up,56.97808619293937
AGS1997WRNO,2020-02-05-10-00-22,27,1.3620854215754412,Occlusion,-8.13,gear24,gear24,16.26,end,60.01373096062298
AGS1997WRNO,2020-02-05-10-00-22,28,0.7039288327544366,Separation,8.13,gear24,gear24,None,down,10.374864679193706
AGS1997WRNO,2020-02-05-10-00-22,28,0.7039288327544366,Separation,8.13,gear24,gear24,None,up,26.187250097729702
AGS1997WRNO,2020-02-05-10-00-22,28,0.7039288327544366,Separation,8.13,gear24,gear24,None,down,31.958491771282297
AGS1997WRNO,2020-02-05-10-00-22,28,0.7039288327544366,Separation,8.13,gear24,gear24,None,unclear,32.27536777248497
AGS1997WRNO,2020-02-05-10-00-22,28,0.7039288327544366,Separation,8.13,gear24,gear24,None,down,34.610565923196646
AGS1997WRNO,2020-02-05-10-00-22,28,0.7039288327544366,Separation,8.13,gear24,gear24,None,unclear,48.23788410350198
AGS1997WRNO,2020-02-05-10-00-22,28,0.7039288327544366,Separation,8.13,gear24,gear24,None,up,48.27126048862601
AGS1997WRNO,2020-02-05-10-00-22,28,0.7039288327544366,Separation,8.13,gear24,gear24,None,down,58.51257764327693
AGS1997WRNO,2020-02-05-10-00-22,28,0.7039288327544366,Separation,8.13,gear24,gear24,None,end,60.01379658013502
AGS1997WRNO,2020-02-05-10-00-22,29,1.4701498363623644,Ambiguity,-8.13,gear24-medium,gear24,None,down,1.9849494963004872
AGS1997WRNO,2020-02-05-10-00-22,29,1.4701498363623644,Ambiguity,-8.13,gear24-medium,gear24,None,up,12.142900948435454
AGS1997WRNO,2020-02-05-10-00-22,29,1.4701498363623644,Ambiguity,-8.13,gear24-medium,gear24,None,down,21.884672619279172
AGS1997WRNO,2020-02-05-10-00-22,29,1.4701498363623644,Ambiguity,-8.13,gear24-medium,gear24,None,end,60.01379471417749
AGS1997WRNO,2020-02-05-10-00-22,30,0.8464042000815495,Occlusion,-8.13,gear24,gear24,65.04,left,3.6529595488364066
AGS1997WRNO,2020-02-05-10-00-22,30,0.8464042000815495,Occlusion,-8.13,gear24,gear24,65.04,up,15.96254525336144
AGS1997WRNO,2020-02-05-10-00-22,30,0.8464042000815495,Occlusion,-8.13,gear24,gear24,65.04,right,20.549569321416584
AGS1997WRNO,2020-02-05-10-00-22,30,0.8464042000815495,Occlusion,-8.13,gear24,gear24,65.04,unclear,26.90445301471891
AGS1997WRNO,2020-02-05-10-00-22,30,0.8464042000815495,Occlusion,-8.13,gear24,gear24,65.04,left,26.921145872175202
AGS1997WRNO,2020-02-05-10-00-22,30,0.8464042000815495,Occlusion,-8.13,gear24,gear24,65.04,up,32.85917617346195
AGS1997WRNO,2020-02-05-10-00-22,30,0.8464042000815495,Occlusion,-8.13,gear24,gear24,65.04,right,36.16190790441442
AGS1997WRNO,2020-02-05-10-00-22,30,0.8464042000815495,Occlusion,-8.13,gear24,gear24,65.04,down,39.24766078879611
AGS1997WRNO,2020-02-05-10-00-22,30,0.8464042000815495,Occlusion,-8.13,gear24,gear24,65.04,up,41.0155969183088
AGS1997WRNO,2020-02-05-10-00-22,30,0.8464042000815495,Occlusion,-8.13,gear24,gear24,65.04,down,42.70023451978159
AGS1997WRNO,2020-02-05-10-00-22,30,0.8464042000815495,Occlusion,-8.13,gear24,gear24,65.04,up,44.36818610564387
AGS1997WRNO,2020-02-05-10-00-22,30,0.8464042000815495,Occlusion,-8.13,gear24,gear24,65.04,down,45.085454953138196
AGS1997WRNO,2020-02-05-10-00-22,30,0.8464042000815495,Occlusion,-8.13,gear24,gear24,65.04,up,46.50328579598818
AGS1997WRNO,2020-02-05-10-00-22,30,0.8464042000815495,Occlusion,-8.13,gear24,gear24,65.04,unclear,46.736724255304125
AGS1997WRNO,2020-02-05-10-00-22,30,0.8464042000815495,Occlusion,-8.13,gear24,gear24,65.04,up,46.85350179613988
AGS1997WRNO,2020-02-05-10-00-22,30,0.8464042000815495,Occlusion,-8.13,gear24,gear24,65.04,down,48.05445175519753
AGS1997WRNO,2020-02-05-10-00-22,30,0.8464042000815495,Occlusion,-8.13,gear24,gear24,65.04,up,49.38879747423971
AGS1997WRNO,2020-02-05-10-00-22,30,0.8464042000815495,Occlusion,-8.13,gear24,gear24,65.04,right,50.6731479670234
AGS1997WRNO,2020-02-05-10-00-22,30,0.8464042000815495,Occlusion,-8.13,gear24,gear24,65.04,down,52.174330206713876
AGS1997WRNO,2020-02-05-10-00-22,30,0.8464042000815495,Occlusion,-8.13,gear24,gear24,65.04,left,53.60876838395916
AGS1997WRNO,2020-02-05-10-00-22,30,0.8464042000815495,Occlusion,-8.13,gear24,gear24,65.04,up,58.12895789062213
AGS1997WRNO,2020-02-05-10-00-22,30,0.8464042000815495,Occlusion,-8.13,gear24,gear24,65.04,end,60.01381337375415
AGS1997WRNO,2020-02-05-10-00-22,31,1.1566345189655534,Occlusion,-8.13,gear24,gear24,8.13,up,2.2684758577729554
AGS1997WRNO,2020-02-05-10-00-22,31,1.1566345189655534,Occlusion,-8.13,gear24,gear24,8.13,down,5.354264817337025
AGS1997WRNO,2020-02-05-10-00-22,31,1.1566345189655534,Occlusion,-8.13,gear24,gear24,8.13,unclear,12.409771460612774
AGS1997WRNO,2020-02-05-10-00-22,31,1.1566345189655534,Occlusion,-8.13,gear24,gear24,8.13,up,12.40982743934319
AGS1997WRNO,2020-02-05-10-00-22,31,1.1566345189655534,Occlusion,-8.13,gear24,gear24,8.13,down,16.29615391911784
AGS1997WRNO,2020-02-05-10-00-22,31,1.1566345189655534,Occlusion,-8.13,gear24,gear24,8.13,up,18.247735116111016
AGS1997WRNO,2020-02-05-10-00-22,31,1.1566345189655534,Occlusion,-8.13,gear24,gear24,8.13,unclear,19.598744770265057
AGS1997WRNO,2020-02-05-10-00-22,31,1.1566345189655534,Occlusion,-8.13,gear24,gear24,8.13,down,19.598799505023635
AGS1997WRNO,2020-02-05-10-00-22,31,1.1566345189655534,Occlusion,-8.13,gear24,gear24,8.13,up,20.91643774994145
AGS1997WRNO,2020-02-05-10-00-22,31,1.1566345189655534,Occlusion,-8.13,gear24,gear24,8.13,down,22.284148036374972
AGS1997WRNO,2020-02-05-10-00-22,31,1.1566345189655534,Occlusion,-8.13,gear24,gear24,8.13,up,24.135636464171967
AGS1997WRNO,2020-02-05-10-00-22,31,1.1566345189655534,Occlusion,-8.13,gear24,gear24,8.13,down,25.2531653639694
AGS1997WRNO,2020-02-05-10-00-22,31,1.1566345189655534,Occlusion,-8.13,gear24,gear24,8.13,up,27.488278209315467
AGS1997WRNO,2020-02-05-10-00-22,31,1.1566345189655534,Occlusion,-8.13,gear24,gear24,8.13,unclear,28.97276012771863
AGS1997WRNO,2020-02-05-10-00-22,31,1.1566345189655534,Occlusion,-8.13,gear24,gear24,8.13,down,29.00609670574522
AGS1997WRNO,2020-02-05-10-00-22,31,1.1566345189655534,Occlusion,-8.13,gear24,gear24,8.13,up,30.5906996937033
AGS1997WRNO,2020-02-05-10-00-22,31,1.1566345189655534,Occlusion,-8.13,gear24,gear24,8.13,down,32.00844376952091
AGS1997WRNO,2020-02-05-10-00-22,31,1.1566345189655534,Occlusion,-8.13,gear24,gear24,8.13,up,33.6097156684782
AGS1997WRNO,2020-02-05-10-00-22,31,1.1566345189655534,Occlusion,-8.13,gear24,gear24,8.13,unclear,34.92795381879159
AGS1997WRNO,2020-02-05-10-00-22,31,1.1566345189655534,Occlusion,-8.13,gear24,gear24,8.13,down,34.92801010851508
AGS1997WRNO,2020-02-05-10-00-22,31,1.1566345189655534,Occlusion,-8.13,gear24,gear24,8.13,up,38.163285603172426
AGS1997WRNO,2020-02-05-10-00-22,31,1.1566345189655534,Occlusion,-8.13,gear24,gear24,8.13,down,39.44769300766575
AGS1997WRNO,2020-02-05-10-00-22,31,1.1566345189655534,Occlusion,-8.13,gear24,gear24,8.13,up,40.73199467455697
AGS1997WRNO,2020-02-05-10-00-22,31,1.1566345189655534,Occlusion,-8.13,gear24,gear24,8.13,down,45.819322427225416
AGS1997WRNO,2020-02-05-10-00-22,31,1.1566345189655534,Occlusion,-8.13,gear24,gear24,8.13,up,47.854769403394585
AGS1997WRNO,2020-02-05-10-00-22,31,1.1566345189655534,Occlusion,-8.13,gear24,gear24,8.13,down,49.75576448752872
AGS1997WRNO,2020-02-05-10-00-22,31,1.1566345189655534,Occlusion,-8.13,gear24,gear24,8.13,up,52.55794218454548
AGS1997WRNO,2020-02-05-10-00-22,31,1.1566345189655534,Occlusion,-8.13,gear24,gear24,8.13,down,54.20920526685222
AGS1997WRNO,2020-02-05-10-00-22,31,1.1566345189655534,Occlusion,-8.13,gear24,gear24,8.13,up,55.86050566831318
AGS1997WRNO,2020-02-05-10-00-22,31,1.1566345189655534,Occlusion,-8.13,gear24,gear24,8.13,down,57.478439636424355
AGS1997WRNO,2020-02-05-10-00-22,31,1.1566345189655534,Occlusion,-8.13,gear24,gear24,8.13,up,59.313225565983885
AGS1997WRNO,2020-02-05-10-00-22,31,1.1566345189655534,Occlusion,-8.13,gear24,gear24,8.13,end,60.01372878367238
AGS1997WRNO,2020-02-05-10-00-22,32,1.3161275599977789,Separation,65.04,gear24,gear24,None,right,4.553663232579311
AGS1997WRNO,2020-02-05-10-00-22,32,1.3161275599977789,Separation,65.04,gear24,gear24,None,left,6.222009468491706
AGS1997WRNO,2020-02-05-10-00-22,32,1.3161275599977789,Separation,65.04,gear24,gear24,None,up,12.309714766598518
AGS1997WRNO,2020-02-05-10-00-22,32,1.3161275599977789,Separation,65.04,gear24,gear24,None,down,13.79416745166509
AGS1997WRNO,2020-02-05-10-00-22,32,1.3161275599977789,Separation,65.04,gear24,gear24,None,up,16.129383328974654
AGS1997WRNO,2020-02-05-10-00-22,32,1.3161275599977789,Separation,65.04,gear24,gear24,None,down,17.34698478342625
AGS1997WRNO,2020-02-05-10-00-22,32,1.3161275599977789,Separation,65.04,gear24,gear24,None,left,19.99905644739738
AGS1997WRNO,2020-02-05-10-00-22,32,1.3161275599977789,Separation,65.04,gear24,gear24,None,up,36.41234150633181
AGS1997WRNO,2020-02-05-10-00-22,32,1.3161275599977789,Separation,65.04,gear24,gear24,None,unclear,36.59541963366928
AGS1997WRNO,2020-02-05-10-00-22,32,1.3161275599977789,Separation,65.04,gear24,gear24,None,down,36.9957362866885
AGS1997WRNO,2020-02-05-10-00-22,32,1.3161275599977789,Separation,65.04,gear24,gear24,None,up,43.88446611996187
AGS1997WRNO,2020-02-05-10-00-22,32,1.3161275599977789,Separation,65.04,gear24,gear24,None,end,60.01369395246229
AGS1997WRNO,2020-02-05-10-00-22,33,1.0592939047606533,Ambiguity,-8.13,gear24,gear24-weak,None,up,2.0353331527498995
AGS1997WRNO,2020-02-05-10-00-22,33,1.0592939047606533,Ambiguity,-8.13,gear24,gear24-weak,None,unclear,19.064983220375325
AGS1997WRNO,2020-02-05-10-00-22,33,1.0592939047606533,Ambiguity,-8.13,gear24,gear24-weak,None,down,19.115071122531845
AGS1997WRNO,2020-02-05-10-00-22,33,1.0592939047606533,Ambiguity,-8.13,gear24,gear24-weak,None,up,20.999861608137962
AGS1997WRNO,2020-02-05-10-00-22,33,1.0592939047606533,Ambiguity,-8.13,gear24,gear24-weak,None,unclear,27.521585864997178
AGS1997WRNO,2020-02-05-10-00-22,33,1.0592939047606533,Ambiguity,-8.13,gear24,gear24-weak,None,down,27.721809033536374
AGS1997WRNO,2020-02-05-10-00-22,33,1.0592939047606533,Ambiguity,-8.13,gear24,gear24-weak,None,up,31.458077062186476
AGS1997WRNO,2020-02-05-10-00-22,33,1.0592939047606533,Ambiguity,-8.13,gear24,gear24-weak,None,down,33.025901358634655
AGS1997WRNO,2020-02-05-10-00-22,33,1.0592939047606533,Ambiguity,-8.13,gear24,gear24-weak,None,up,35.37797243171917
AGS1997WRNO,2020-02-05-10-00-22,33,1.0592939047606533,Ambiguity,-8.13,gear24,gear24-weak,None,unclear,36.87891551783241
AGS1997WRNO,2020-02-05-10-00-22,33,1.0592939047606533,Ambiguity,-8.13,gear24,gear24-weak,None,down,36.895598112521384
AGS1997WRNO,2020-02-05-10-00-22,33,1.0592939047606533,Ambiguity,-8.13,gear24,gear24-weak,None,up,37.82972420834403
AGS1997WRNO,2020-02-05-10-00-22,33,1.0592939047606533,Ambiguity,-8.13,gear24,gear24-weak,None,down,38.49691821538545
AGS1997WRNO,2020-02-05-10-00-22,33,1.0592939047606533,Ambiguity,-8.13,gear24,gear24-weak,None,unclear,39.380928419685915
AGS1997WRNO,2020-02-05-10-00-22,33,1.0592939047606533,Ambiguity,-8.13,gear24,gear24-weak,None,up,39.397619100191605
AGS1997WRNO,2020-02-05-10-00-22,33,1.0592939047606533,Ambiguity,-8.13,gear24,gear24-weak,None,down,42.61684424882287
AGS1997WRNO,2020-02-05-10-00-22,33,1.0592939047606533,Ambiguity,-8.13,gear24,gear24-weak,None,up,44.81852784024386
AGS1997WRNO,2020-02-05-10-00-22,33,1.0592939047606533,Ambiguity,-8.13,gear24,gear24-weak,None,down,50.756558141530604
AGS1997WRNO,2020-02-05-10-00-22,33,1.0592939047606533,Ambiguity,-8.13,gear24,gear24-weak,None,up,52.45791005897354
AGS1997WRNO,2020-02-05-10-00-22,33,1.0592939047606533,Ambiguity,-8.13,gear24,gear24-weak,None,down,58.26244135061734
AGS1997WRNO,2020-02-05-10-00-22,33,1.0592939047606533,Ambiguity,-8.13,gear24,gear24-weak,None,up,59.22983622800348
AGS1997WRNO,2020-02-05-10-00-22,33,1.0592939047606533,Ambiguity,-8.13,gear24,gear24-weak,None,end,60.01380404396559
AGS1997WRNO,2020-02-05-10-00-22,34,0.7142162119908247,Occlusion,-8.13,gear24,gear24,32.52,right,1.8348154738896483
AGS1997WRNO,2020-02-05-10-00-22,34,0.7142162119908247,Occlusion,-8.13,gear24,gear24,32.52,up,7.105657366008018
AGS1997WRNO,2020-02-05-10-00-22,34,0.7142162119908247,Occlusion,-8.13,gear24,gear24,32.52,left,8.923681397676773
AGS1997WRNO,2020-02-05-10-00-22,34,0.7142162119908247,Occlusion,-8.13,gear24,gear24,32.52,up,10.191525628773434
AGS1997WRNO,2020-02-05-10-00-22,34,0.7142162119908247,Occlusion,-8.13,gear24,gear24,32.52,right,10.324816584134169
AGS1997WRNO,2020-02-05-10-00-22,34,0.7142162119908247,Occlusion,-8.13,gear24,gear24,32.52,up,12.17625525305948
AGS1997WRNO,2020-02-05-10-00-22,34,0.7142162119908247,Occlusion,-8.13,gear24,gear24,32.52,down,17.26360975112175
AGS1997WRNO,2020-02-05-10-00-22,34,0.7142162119908247,Occlusion,-8.13,gear24,gear24,32.52,unclear,21.6170003672828
AGS1997WRNO,2020-02-05-10-00-22,34,0.7142162119908247,Occlusion,-8.13,gear24,gear24,32.52,up,21.617054791048304
AGS1997WRNO,2020-02-05-10-00-22,34,0.7142162119908247,Occlusion,-8.13,gear24,gear24,32.52,down,22.951355727106147
AGS1997WRNO,2020-02-05-10-00-22,34,0.7142162119908247,Occlusion,-8.13,gear24,gear24,32.52,up,24.28575897984365
AGS1997WRNO,2020-02-05-10-00-22,34,0.7142162119908247,Occlusion,-8.13,gear24,gear24,32.52,down,25.553415371199662
AGS1997WRNO,2020-02-05-10-00-22,34,0.7142162119908247,Occlusion,-8.13,gear24,gear24,32.52,up,26.871092490235696
AGS1997WRNO,2020-02-05-10-00-22,34,0.7142162119908247,Occlusion,-8.13,gear24,gear24,32.52,down,28.222177715676025
AGS1997WRNO,2020-02-05-10-00-22,34,0.7142162119908247,Occlusion,-8.13,gear24,gear24,32.52,up,29.439821465168734
AGS1997WRNO,2020-02-05-10-00-22,34,0.7142162119908247,Occlusion,-8.13,gear24,gear24,32.52,down,30.874300071497146
AGS1997WRNO,2020-02-05-10-00-22,34,0.7142162119908247,Occlusion,-8.13,gear24,gear24,32.52,up,32.058552508204684
AGS1997WRNO,2020-02-05-10-00-22,34,0.7142162119908247,Occlusion,-8.13,gear24,gear24,32.52,down,33.409584864843964
AGS1997WRNO,2020-02-05-10-00-22,34,0.7142162119908247,Occlusion,-8.13,gear24,gear24,32.52,up,34.9607984059744
AGS1997WRNO,2020-02-05-10-00-22,34,0.7142162119908247,Occlusion,-8.13,gear24,gear24,32.52,down,36.47866075241018
AGS1997WRNO,2020-02-05-10-00-22,34,0.7142162119908247,Occlusion,-8.13,gear24,gear24,32.52,up,38.16336366240239
AGS1997WRNO,2020-02-05-10-00-22,34,0.7142162119908247,Occlusion,-8.13,gear24,gear24,32.52,down,39.43098491155524
AGS1997WRNO,2020-02-05-10-00-22,34,0.7142162119908247,Occlusion,-8.13,gear24,gear24,32.52,up,40.84878807603263
AGS1997WRNO,2020-02-05-10-00-22,34,0.7142162119908247,Occlusion,-8.13,gear24,gear24,32.52,left,42.75025866838405
AGS1997WRNO,2020-02-05-10-00-22,34,0.7142162119908247,Occlusion,-8.13,gear24,gear24,32.52,right,44.201407740676586
AGS1997WRNO,2020-02-05-10-00-22,34,0.7142162119908247,Occlusion,-8.13,gear24,gear24,32.52,down,45.75259889031486
AGS1997WRNO,2020-02-05-10-00-22,34,0.7142162119908247,Occlusion,-8.13,gear24,gear24,32.52,up,50.55642080704547
AGS1997WRNO,2020-02-05-10-00-22,34,0.7142162119908247,Occlusion,-8.13,gear24,gear24,32.52,down,52.1076278173241
AGS1997WRNO,2020-02-05-10-00-22,34,0.7142162119908247,Occlusion,-8.13,gear24,gear24,32.52,up,54.10912307141598
AGS1997WRNO,2020-02-05-10-00-22,34,0.7142162119908247,Occlusion,-8.13,gear24,gear24,32.52,end,60.013731582609125
AGS1997WRNO,2020-02-05-10-00-22,35,0.9629253896109304,Control,-8.13,gear24,gear24,None,down,2.251810989682326
AGS1997WRNO,2020-02-05-10-00-22,35,0.9629253896109304,Control,-8.13,gear24,gear24,None,up,6.138167324779715
AGS1997WRNO,2020-02-05-10-00-22,35,0.9629253896109304,Control,-8.13,gear24,gear24,None,down,8.790256715348733
AGS1997WRNO,2020-02-05-10-00-22,35,0.9629253896109304,Control,-8.13,gear24,gear24,None,up,12.693337940175752
AGS1997WRNO,2020-02-05-10-00-22,35,0.9629253896109304,Control,-8.13,gear24,gear24,None,down,14.461379496297468
AGS1997WRNO,2020-02-05-10-00-22,35,0.9629253896109304,Control,-8.13,gear24,gear24,None,up,15.812405322084487
AGS1997WRNO,2020-02-05-10-00-22,35,0.9629253896109304,Control,-8.13,gear24,gear24,None,down,16.913292056276077
AGS1997WRNO,2020-02-05-10-00-22,35,0.9629253896109304,Control,-8.13,gear24,gear24,None,up,18.047530918141547
AGS1997WRNO,2020-02-05-10-00-22,35,0.9629253896109304,Control,-8.13,gear24,gear24,None,unclear,23.568517810721914
AGS1997WRNO,2020-02-05-10-00-22,35,0.9629253896109304,Control,-8.13,gear24,gear24,None,down,23.5685719234948
AGS1997WRNO,2020-02-05-10-00-22,35,0.9629253896109304,Control,-8.13,gear24,gear24,None,unclear,31.424720269618774
AGS1997WRNO,2020-02-05-10-00-22,35,0.9629253896109304,Control,-8.13,gear24,gear24,None,up,31.441351550471154
AGS1997WRNO,2020-02-05-10-00-22,35,0.9629253896109304,Control,-8.13,gear24,gear24,None,down,34.076789134653154
AGS1997WRNO,2020-02-05-10-00-22,35,0.9629253896109304,Control,-8.13,gear24,gear24,None,up,36.64539091347024
AGS1997WRNO,2020-02-05-10-00-22,35,0.9629253896109304,Control,-8.13,gear24,gear24,None,unclear,38.66367947574054
AGS1997WRNO,2020-02-05-10-00-22,35,0.9629253896109304,Control,-8.13,gear24,gear24,None,down,38.68038010802047
AGS1997WRNO,2020-02-05-10-00-22,35,0.9629253896109304,Control,-8.13,gear24,gear24,None,up,40.865425887737274
AGS1997WRNO,2020-02-05-10-00-22,35,0.9629253896109304,Control,-8.13,gear24,gear24,None,down,42.4833862902492
AGS1997WRNO,2020-02-05-10-00-22,35,0.9629253896109304,Control,-8.13,gear24,gear24,None,up,45.03535492225683
AGS1997WRNO,2020-02-05-10-00-22,35,0.9629253896109304,Control,-8.13,gear24,gear24,None,down,47.17033923421741
AGS1997WRNO,2020-02-05-10-00-22,35,0.9629253896109304,Control,-8.13,gear24,gear24,None,up,49.20526934010741
AGS1997WRNO,2020-02-05-10-00-22,35,0.9629253896109304,Control,-8.13,gear24,gear24,None,down,50.45626552826661
AGS1997WRNO,2020-02-05-10-00-22,35,0.9629253896109304,Control,-8.13,gear24,gear24,None,up,54.142510963279165
AGS1997WRNO,2020-02-05-10-00-22,35,0.9629253896109304,Control,-8.13,gear24,gear24,None,down,55.62697608806366
AGS1997WRNO,2020-02-05-10-00-22,35,0.9629253896109304,Control,-8.13,gear24,gear24,None,up,58.41249078294686
AGS1997WRNO,2020-02-05-10-00-22,35,0.9629253896109304,Control,-8.13,gear24,gear24,None,end,60.013722252820116
AGS1997WRNO,2020-02-05-10-00-22,36,0.7101696848234891,Separation,0.0,gear24,gear24,None,up,2.9857086300853553
AGS1997WRNO,2020-02-05-10-00-22,36,0.7101696848234891,Separation,0.0,gear24,gear24,None,down,5.1374585718517665
AGS1997WRNO,2020-02-05-10-00-22,36,0.7101696848234891,Separation,0.0,gear24,gear24,None,unclear,7.305752094459876
AGS1997WRNO,2020-02-05-10-00-22,36,0.7101696848234891,Separation,0.0,gear24,gear24,None,up,7.322423493402312
AGS1997WRNO,2020-02-05-10-00-22,36,0.7101696848234891,Separation,0.0,gear24,gear24,None,unclear,8.973740688482394
AGS1997WRNO,2020-02-05-10-00-22,36,0.7101696848234891,Separation,0.0,gear24,gear24,None,down,8.973795423240972
AGS1997WRNO,2020-02-05-10-00-22,36,0.7101696848234891,Separation,0.0,gear24,gear24,None,right,12.126194407289404
AGS1997WRNO,2020-02-05-10-00-22,36,0.7101696848234891,Separation,0.0,gear24,gear24,None,down,13.543977979211377
AGS1997WRNO,2020-02-05-10-00-22,36,0.7101696848234891,Separation,0.0,gear24,gear24,None,up,16.6964547114967
AGS1997WRNO,2020-02-05-10-00-22,36,0.7101696848234891,Separation,0.0,gear24,gear24,None,down,26.904443373937738
AGS1997WRNO,2020-02-05-10-00-22,36,0.7101696848234891,Separation,0.0,gear24,gear24,None,up,28.388946439861684
AGS1997WRNO,2020-02-05-10-00-22,36,0.7101696848234891,Separation,0.0,gear24,gear24,None,down,31.074365255618886
AGS1997WRNO,2020-02-05-10-00-22,36,0.7101696848234891,Separation,0.0,gear24,gear24,None,up,34.627192228161675
AGS1997WRNO,2020-02-05-10-00-22,36,0.7101696848234891,Separation,0.0,gear24,gear24,None,unclear,36.778837054312135
AGS1997WRNO,2020-02-05-10-00-22,36,0.7101696848234891,Separation,0.0,gear24,gear24,None,down,36.77889085609195
AGS1997WRNO,2020-02-05-10-00-22,36,0.7101696848234891,Separation,0.0,gear24,gear24,None,up,40.214972942058466
AGS1997WRNO,2020-02-05-10-00-22,36,0.7101696848234891,Separation,0.0,gear24,gear24,None,unclear,42.33328025720357
AGS1997WRNO,2020-02-05-10-00-22,36,0.7101696848234891,Separation,0.0,gear24,gear24,None,down,42.3499186908939
AGS1997WRNO,2020-02-05-10-00-22,36,0.7101696848234891,Separation,0.0,gear24,gear24,None,up,44.15133258923106
AGS1997WRNO,2020-02-05-10-00-22,36,0.7101696848234891,Separation,0.0,gear24,gear24,None,down,46.636635218023
AGS1997WRNO,2020-02-05-10-00-22,36,0.7101696848234891,Separation,0.0,gear24,gear24,None,up,48.271216638620444
AGS1997WRNO,2020-02-05-10-00-22,36,0.7101696848234891,Separation,0.0,gear24,gear24,None,down,49.655658656628475
AGS1997WRNO,2020-02-05-10-00-22,36,0.7101696848234891,Separation,0.0,gear24,gear24,None,up,51.440341445376816
AGS1997WRNO,2020-02-05-10-00-22,36,0.7101696848234891,Separation,0.0,gear24,gear24,None,down,52.27435486845479
AGS1997WRNO,2020-02-05-10-00-22,36,0.7101696848234891,Separation,0.0,gear24,gear24,None,up,53.30849069835631
AGS1997WRNO,2020-02-05-10-00-22,36,0.7101696848234891,Separation,0.0,gear24,gear24,None,down,54.376015353099774
AGS1997WRNO,2020-02-05-10-00-22,36,0.7101696848234891,Separation,0.0,gear24,gear24,None,up,55.96054930062337
AGS1997WRNO,2020-02-05-10-00-22,36,0.7101696848234891,Separation,0.0,gear24,gear24,None,down,58.46256997730052
AGS1997WRNO,2020-02-05-10-00-22,36,0.7101696848234891,Separation,0.0,gear24,gear24,None,end,60.01372909466545
AGS1997WRNO,2020-02-05-10-00-22,37,1.4933034109246666,Ambiguity,-8.13,gear24,gear24-medium-strong,None,up,3.736382785047681
AGS1997WRNO,2020-02-05-10-00-22,37,1.4933034109246666,Ambiguity,-8.13,gear24,gear24-medium-strong,None,end,60.01386717553396
AGS1997WRNO,2020-02-05-10-00-22,38,0.713835314457246,Separation,32.52,gear24,gear24,None,down,1.734773707536533
AGS1997WRNO,2020-02-05-10-00-22,38,0.713835314457246,Separation,32.52,gear24,gear24,None,up,8.08971337956973
AGS1997WRNO,2020-02-05-10-00-22,38,0.713835314457246,Separation,32.52,gear24,gear24,None,down,9.040537930721257
AGS1997WRNO,2020-02-05-10-00-22,38,0.713835314457246,Separation,32.52,gear24,gear24,None,up,14.945173498300392
AGS1997WRNO,2020-02-05-10-00-22,38,0.713835314457246,Separation,32.52,gear24,gear24,None,down,16.07927396830428
AGS1997WRNO,2020-02-05-10-00-22,38,0.713835314457246,Separation,32.52,gear24,gear24,None,up,19.949055623265394
AGS1997WRNO,2020-02-05-10-00-22,38,0.713835314457246,Separation,32.52,gear24,gear24,None,down,21.717092514492833
AGS1997WRNO,2020-02-05-10-00-22,38,0.713835314457246,Separation,32.52,gear24,gear24,None,right,23.785371016141198
AGS1997WRNO,2020-02-05-10-00-22,38,0.713835314457246,Separation,32.52,gear24,gear24,None,up,24.936230274106038
AGS1997WRNO,2020-02-05-10-00-22,38,0.713835314457246,Separation,32.52,gear24,gear24,None,unclear,25.85369958765432
AGS1997WRNO,2020-02-05-10-00-22,38,0.713835314457246,Separation,32.52,gear24,gear24,None,down,25.987088816787036
AGS1997WRNO,2020-02-05-10-00-22,38,0.713835314457246,Separation,32.52,gear24,gear24,None,up,27.121331721560637
AGS1997WRNO,2020-02-05-10-00-22,38,0.713835314457246,Separation,32.52,gear24,gear24,None,down,28.30562427635823
AGS1997WRNO,2020-02-05-10-00-22,38,0.713835314457246,Separation,32.52,gear24,gear24,None,up,29.639940140077215
AGS1997WRNO,2020-02-05-10-00-22,38,0.713835314457246,Separation,32.52,gear24,gear24,None,down,35.17768830856221
AGS1997WRNO,2020-02-05-10-00-22,38,0.713835314457246,Separation,32.52,gear24,gear24,None,up,39.99806126996464
AGS1997WRNO,2020-02-05-10-00-22,38,0.713835314457246,Separation,32.52,gear24,gear24,None,left,43.13385758451159
AGS1997WRNO,2020-02-05-10-00-22,38,0.713835314457246,Separation,32.52,gear24,gear24,None,unclear,44.33488498081306
AGS1997WRNO,2020-02-05-10-00-22,38,0.713835314457246,Separation,32.52,gear24,gear24,None,down,44.33493598365658
AGS1997WRNO,2020-02-05-10-00-22,38,0.713835314457246,Separation,32.52,gear24,gear24,None,right,45.35233292914609
AGS1997WRNO,2020-02-05-10-00-22,38,0.713835314457246,Separation,32.52,gear24,gear24,None,down,46.403120565435074
AGS1997WRNO,2020-02-05-10-00-22,38,0.713835314457246,Separation,32.52,gear24,gear24,None,up,49.355431351883
AGS1997WRNO,2020-02-05-10-00-22,38,0.713835314457246,Separation,32.52,gear24,gear24,None,down,50.22275927248802
AGS1997WRNO,2020-02-05-10-00-22,38,0.713835314457246,Separation,32.52,gear24,gear24,None,up,51.14015083779941
AGS1997WRNO,2020-02-05-10-00-22,38,0.713835314457246,Separation,32.52,gear24,gear24,None,down,54.24260684240471
AGS1997WRNO,2020-02-05-10-00-22,38,0.713835314457246,Separation,32.52,gear24,gear24,None,up,56.26085653055634
AGS1997WRNO,2020-02-05-10-00-22,38,0.713835314457246,Separation,32.52,gear24,gear24,None,end,60.013714167003855
AGS1997WRNO,2020-02-05-10-00-22,39,1.0330648765965627,Ambiguity,-8.13,gear24,gear24-strong,None,right,1.0508961728278337
AGS1997WRNO,2020-02-05-10-00-22,39,1.0330648765965627,Ambiguity,-8.13,gear24,gear24-strong,None,unclear,1.4686610851726982
AGS1997WRNO,2020-02-05-10-00-22,39,1.0330648765965627,Ambiguity,-8.13,gear24,gear24-strong,None,up,3.2859356238382134
AGS1997WRNO,2020-02-05-10-00-22,39,1.0330648765965627,Ambiguity,-8.13,gear24,gear24-strong,None,end,60.0138055989305
AGS1997WRNO,2020-02-05-10-00-22,40,0.7396792060176756,Occlusion,-8.13,gear24,gear24,32.52,down,1.868167912556146
AGS1997WRNO,2020-02-05-10-00-22,40,0.7396792060176756,Occlusion,-8.13,gear24,gear24,32.52,up,5.020648065763453
AGS1997WRNO,2020-02-05-10-00-22,40,0.7396792060176756,Occlusion,-8.13,gear24,gear24,32.52,down,16.713165917536116
AGS1997WRNO,2020-02-05-10-00-22,40,0.7396792060176756,Occlusion,-8.13,gear24,gear24,32.52,up,18.014152978052607
AGS1997WRNO,2020-02-05-10-00-22,40,0.7396792060176756,Occlusion,-8.13,gear24,gear24,32.52,down,21.85053305746169
AGS1997WRNO,2020-02-05-10-00-22,40,0.7396792060176756,Occlusion,-8.13,gear24,gear24,32.52,up,23.885460986401085
AGS1997WRNO,2020-02-05-10-00-22,40,0.7396792060176756,Occlusion,-8.13,gear24,gear24,32.52,down,25.069727106798382
AGS1997WRNO,2020-02-05-10-00-22,40,0.7396792060176756,Occlusion,-8.13,gear24,gear24,32.52,right,26.220603780368037
AGS1997WRNO,2020-02-05-10-00-22,40,0.7396792060176756,Occlusion,-8.13,gear24,gear24,32.52,left,27.57163551502117
AGS1997WRNO,2020-02-05-10-00-22,40,0.7396792060176756,Occlusion,-8.13,gear24,gear24,32.52,right,28.90598496597886
AGS1997WRNO,2020-02-05-10-00-22,40,0.7396792060176756,Occlusion,-8.13,gear24,gear24,32.52,left,30.47393397059932
AGS1997WRNO,2020-02-05-10-00-22,40,0.7396792060176756,Occlusion,-8.13,gear24,gear24,32.52,right,38.88049131909838
AGS1997WRNO,2020-02-05-10-00-22,40,0.7396792060176756,Occlusion,-8.13,gear24,gear24,32.52,down,41.31582329007506
AGS1997WRNO,2020-02-05-10-00-22,40,0.7396792060176756,Occlusion,-8.13,gear24,gear24,32.52,up,43.63430121595093
AGS1997WRNO,2020-02-05-10-00-22,40,0.7396792060176756,Occlusion,-8.13,gear24,gear24,32.52,right,50.489585312673626
AGS1997WRNO,2020-02-05-10-00-22,40,0.7396792060176756,Occlusion,-8.13,gear24,gear24,32.52,down,51.740681951555416
AGS1997WRNO,2020-02-05-10-00-22,40,0.7396792060176756,Occlusion,-8.13,gear24,gear24,32.52,left,53.62549513964632
AGS1997WRNO,2020-02-05-10-00-22,40,0.7396792060176756,Occlusion,-8.13,gear24,gear24,32.52,up,57.895393168168994
AGS1997WRNO,2020-02-05-10-00-22,40,0.7396792060176756,Occlusion,-8.13,gear24,gear24,32.52,end,60.013797824106405
AGS1997WRNO,2020-02-05-10-00-22,41,1.113413289246826,Separation,32.52,gear24,gear24,None,down,3.2192043121040115
AGS1997WRNO,2020-02-05-10-00-22,41,1.113413289246826,Separation,32.52,gear24,gear24,None,up,4.2366749629222795
AGS1997WRNO,2020-02-05-10-00-22,41,1.113413289246826,Separation,32.52,gear24,gear24,None,right,10.591684608368269
AGS1997WRNO,2020-02-05-10-00-22,41,1.113413289246826,Separation,32.52,gear24,gear24,None,up,15.845822136291645
AGS1997WRNO,2020-02-05-10-00-22,41,1.113413289246826,Separation,32.52,gear24,gear24,None,down,16.86320104419019
AGS1997WRNO,2020-02-05-10-00-22,41,1.113413289246826,Separation,32.52,gear24,gear24,None,up,20.399383674176534
AGS1997WRNO,2020-02-05-10-00-22,41,1.113413289246826,Separation,32.52,gear24,gear24,None,down,21.51688862751689
AGS1997WRNO,2020-02-05-10-00-22,41,1.113413289246826,Separation,32.52,gear24,gear24,None,up,23.701959597662608
AGS1997WRNO,2020-02-05-10-00-22,41,1.113413289246826,Separation,32.52,gear24,gear24,None,unclear,23.86874635943923
AGS1997WRNO,2020-02-05-10-00-22,41,1.113413289246826,Separation,32.52,gear24,gear24,None,up,23.952124501673097
AGS1997WRNO,2020-02-05-10-00-22,41,1.113413289246826,Separation,32.52,gear24,gear24,None,unclear,24.385863877765132
AGS1997WRNO,2020-02-05-10-00-22,41,1.113413289246826,Separation,32.52,gear24,gear24,None,down,24.402446332724594
AGS1997WRNO,2020-02-05-10-00-22,41,1.113413289246826,Separation,32.52,gear24,gear24,None,up,25.47003287506459
AGS1997WRNO,2020-02-05-10-00-22,41,1.113413289246826,Separation,32.52,gear24,gear24,None,down,26.887792500529486
AGS1997WRNO,2020-02-05-10-00-22,41,1.113413289246826,Separation,32.52,gear24,gear24,None,up,29.022740737308595
AGS1997WRNO,2020-02-05-10-00-22,41,1.113413289246826,Separation,32.52,gear24,gear24,None,down,30.190403877211338
AGS1997WRNO,2020-02-05-10-00-22,41,1.113413289246826,Separation,32.52,gear24,gear24,None,up,32.55887640736
AGS1997WRNO,2020-02-05-10-00-22,41,1.113413289246826,Separation,32.52,gear24,gear24,None,down,33.40952235526174
AGS1997WRNO,2020-02-05-10-00-22,41,1.113413289246826,Separation,32.52,gear24,gear24,None,up,37.97979727613756
AGS1997WRNO,2020-02-05-10-00-22,41,1.113413289246826,Separation,32.52,gear24,gear24,None,down,38.847174022635045
AGS1997WRNO,2020-02-05-10-00-22,41,1.113413289246826,Separation,32.52,gear24,gear24,None,up,44.18470617541834
AGS1997WRNO,2020-02-05-10-00-22,41,1.113413289246826,Separation,32.52,gear24,gear24,None,down,54.809645881660344
AGS1997WRNO,2020-02-05-10-00-22,41,1.113413289246826,Separation,32.52,gear24,gear24,None,up,59.546725601903745
AGS1997WRNO,2020-02-05-10-00-22,41,1.113413289246826,Separation,32.52,gear24,gear24,None,end,60.01368897657494
AGS1997WRNO,2020-02-05-10-00-22,42,1.3250846976148207,Separation,8.13,gear24,gear24,None,down,1.6680455057321524
AGS1997WRNO,2020-02-05-10-00-22,42,1.3250846976148207,Separation,8.13,gear24,gear24,None,unclear,11.392318847385468
AGS1997WRNO,2020-02-05-10-00-22,42,1.3250846976148207,Separation,8.13,gear24,gear24,None,left,11.509072441764147
AGS1997WRNO,2020-02-05-10-00-22,42,1.3250846976148207,Separation,8.13,gear24,gear24,None,up,11.575798155625307
AGS1997WRNO,2020-02-05-10-00-22,42,1.3250846976148207,Separation,8.13,gear24,gear24,None,down,14.111155099335974
AGS1997WRNO,2020-02-05-10-00-22,42,1.3250846976148207,Separation,8.13,gear24,gear24,None,up,14.611523470482098
AGS1997WRNO,2020-02-05-10-00-22,42,1.3250846976148207,Separation,8.13,gear24,gear24,None,down,19.732226364302733
AGS1997WRNO,2020-02-05-10-00-22,42,1.3250846976148207,Separation,8.13,gear24,gear24,None,up,26.1538833533873
AGS1997WRNO,2020-02-05-10-00-22,42,1.3250846976148207,Separation,8.13,gear24,gear24,None,down,35.094231174119614
AGS1997WRNO,2020-02-05-10-00-22,42,1.3250846976148207,Separation,8.13,gear24,gear24,None,up,37.179185117619
AGS1997WRNO,2020-02-05-10-00-22,42,1.3250846976148207,Separation,8.13,gear24,gear24,None,down,42.933732067757774
AGS1997WRNO,2020-02-05-10-00-22,42,1.3250846976148207,Separation,8.13,gear24,gear24,None,up,44.81855365265892
AGS1997WRNO,2020-02-05-10-00-22,42,1.3250846976148207,Separation,8.13,gear24,gear24,None,down,45.86937363221432
AGS1997WRNO,2020-02-05-10-00-22,42,1.3250846976148207,Separation,8.13,gear24,gear24,None,up,47.07030773063161
AGS1997WRNO,2020-02-05-10-00-22,42,1.3250846976148207,Separation,8.13,gear24,gear24,None,down,48.67178830585681
AGS1997WRNO,2020-02-05-10-00-22,42,1.3250846976148207,Separation,8.13,gear24,gear24,None,up,52.24104627979341
AGS1997WRNO,2020-02-05-10-00-22,42,1.3250846976148207,Separation,8.13,gear24,gear24,None,down,54.25926766758721
AGS1997WRNO,2020-02-05-10-00-22,42,1.3250846976148207,Separation,8.13,gear24,gear24,None,up,57.04489805184676
AGS1997WRNO,2020-02-05-10-00-22,42,1.3250846976148207,Separation,8.13,gear24,gear24,None,end,60.013828612408815
AGS1997WRNO,2020-02-05-10-00-22,43,0.8064581161589451,Separation,65.04,gear24,gear24,None,right,3.6362769541474336
AGS1997WRNO,2020-02-05-10-00-22,43,0.8064581161589451,Separation,65.04,gear24,gear24,None,up,5.170803857680767
AGS1997WRNO,2020-02-05-10-00-22,43,0.8064581161589451,Separation,65.04,gear24,gear24,None,down,17.680608998829484
AGS1997WRNO,2020-02-05-10-00-22,43,0.8064581161589451,Separation,65.04,gear24,gear24,None,right,19.632140436950976
AGS1997WRNO,2020-02-05-10-00-22,43,0.8064581161589451,Separation,65.04,gear24,gear24,None,down,23.852100150924798
AGS1997WRNO,2020-02-05-10-00-22,43,0.8064581161589451,Separation,65.04,gear24,gear24,None,right,31.22454095108469
AGS1997WRNO,2020-02-05-10-00-22,43,0.8064581161589451,Separation,65.04,gear24,gear24,None,down,34.19360648258544
AGS1997WRNO,2020-02-05-10-00-22,43,0.8064581161589451,Separation,65.04,gear24,gear24,None,left,46.503229817257306
AGS1997WRNO,2020-02-05-10-00-22,43,0.8064581161589451,Separation,65.04,gear24,gear24,None,unclear,46.61998558858659
AGS1997WRNO,2020-02-05-10-00-22,43,0.8064581161589451,Separation,65.04,gear24,gear24,None,left,46.8035538408094
AGS1997WRNO,2020-02-05-10-00-22,43,0.8064581161589451,Separation,65.04,gear24,gear24,None,down,49.87252274680168
AGS1997WRNO,2020-02-05-10-00-22,43,0.8064581161589451,Separation,65.04,gear24,gear24,None,up,53.07510168691897
AGS1997WRNO,2020-02-05-10-00-22,43,0.8064581161589451,Separation,65.04,gear24,gear24,None,down,55.91059916834229
AGS1997WRNO,2020-02-05-10-00-22,43,0.8064581161589451,Separation,65.04,gear24,gear24,None,right,57.094847562141695
AGS1997WRNO,2020-02-05-10-00-22,43,0.8064581161589451,Separation,65.04,gear24,gear24,None,left,58.36257921379092
AGS1997WRNO,2020-02-05-10-00-22,43,0.8064581161589451,Separation,65.04,gear24,gear24,None,end,60.01375086417147
AGS1997WRNO,2020-02-05-10-00-22,44,1.2930017331470331,Occlusion,-8.13,gear24,gear24,16.26,down,1.1509510008841062
AGS1997WRNO,2020-02-05-10-00-22,44,1.2930017331470331,Occlusion,-8.13,gear24,gear24,16.26,up,3.5694927736121826
AGS1997WRNO,2020-02-05-10-00-22,44,1.2930017331470331,Occlusion,-8.13,gear24,gear24,16.26,down,5.120755762621229
AGS1997WRNO,2020-02-05-10-00-22,44,1.2930017331470331,Occlusion,-8.13,gear24,gear24,16.26,up,6.605242345919123
AGS1997WRNO,2020-02-05-10-00-22,44,1.2930017331470331,Occlusion,-8.13,gear24,gear24,16.26,down,7.789475812056935
AGS1997WRNO,2020-02-05-10-00-22,44,1.2930017331470331,Occlusion,-8.13,gear24,gear24,16.26,up,8.756909563561749
AGS1997WRNO,2020-02-05-10-00-22,44,1.2930017331470331,Occlusion,-8.13,gear24,gear24,16.26,unclear,9.957876005245907
AGS1997WRNO,2020-02-05-10-00-22,44,1.2930017331470331,Occlusion,-8.13,gear24,gear24,16.26,down,9.95793167298325
AGS1997WRNO,2020-02-05-10-00-22,44,1.2930017331470331,Occlusion,-8.13,gear24,gear24,16.26,unclear,10.858554809552516
AGS1997WRNO,2020-02-05-10-00-22,44,1.2930017331470331,Occlusion,-8.13,gear24,gear24,16.26,up,10.891914090063892
AGS1997WRNO,2020-02-05-10-00-22,44,1.2930017331470331,Occlusion,-8.13,gear24,gear24,16.26,unclear,11.92608879408408
AGS1997WRNO,2020-02-05-10-00-22,44,1.2930017331470331,Occlusion,-8.13,gear24,gear24,16.26,down,11.942752107210254
AGS1997WRNO,2020-02-05-10-00-22,44,1.2930017331470331,Occlusion,-8.13,gear24,gear24,16.26,up,13.076997810920602
AGS1997WRNO,2020-02-05-10-00-22,44,1.2930017331470331,Occlusion,-8.13,gear24,gear24,16.26,down,14.07774450498755
AGS1997WRNO,2020-02-05-10-00-22,44,1.2930017331470331,Occlusion,-8.13,gear24,gear24,16.26,up,14.94515203978699
AGS1997WRNO,2020-02-05-10-00-22,44,1.2930017331470331,Occlusion,-8.13,gear24,gear24,16.26,down,21.31675004905901
AGS1997WRNO,2020-02-05-10-00-22,44,1.2930017331470331,Occlusion,-8.13,gear24,gear24,16.26,unclear,25.119777378808067
AGS1997WRNO,2020-02-05-10-00-22,44,1.2930017331470331,Occlusion,-8.13,gear24,gear24,16.26,right,25.169783178826492
AGS1997WRNO,2020-02-05-10-00-22,44,1.2930017331470331,Occlusion,-8.13,gear24,gear24,16.26,up,29.523202406338896
AGS1997WRNO,2020-02-05-10-00-22,44,1.2930017331470331,Occlusion,-8.13,gear24,gear24,16.26,down,36.26180319308878
AGS1997WRNO,2020-02-05-10-00-22,44,1.2930017331470331,Occlusion,-8.13,gear24,gear24,16.26,up,41.41585541564655
AGS1997WRNO,2020-02-05-10-00-22,44,1.2930017331470331,Occlusion,-8.13,gear24,gear24,16.26,down,43.66768226596923
AGS1997WRNO,2020-02-05-10-00-22,44,1.2930017331470331,Occlusion,-8.13,gear24,gear24,16.26,up,46.803426022707754
AGS1997WRNO,2020-02-05-10-00-22,44,1.2930017331470331,Occlusion,-8.13,gear24,gear24,16.26,down,49.77242095880956
AGS1997WRNO,2020-02-05-10-00-22,44,1.2930017331470331,Occlusion,-8.13,gear24,gear24,16.26,up,52.541305616812224
AGS1997WRNO,2020-02-05-10-00-22,44,1.2930017331470331,Occlusion,-8.13,gear24,gear24,16.26,down,57.97889010970903
AGS1997WRNO,2020-02-05-10-00-22,44,1.2930017331470331,Occlusion,-8.13,gear24,gear24,16.26,end,60.01376827977674
AGS1997WRNO,2020-02-05-10-00-22,45,1.273200144925194,Ambiguity,-8.13,gear24,gear24-weak,None,up,2.935707183968134
AGS1997WRNO,2020-02-05-10-00-22,45,1.273200144925194,Ambiguity,-8.13,gear24,gear24-weak,None,right,14.945094817084737
AGS1997WRNO,2020-02-05-10-00-22,45,1.273200144925194,Ambiguity,-8.13,gear24,gear24-weak,None,left,18.948257304369235
AGS1997WRNO,2020-02-05-10-00-22,45,1.273200144925194,Ambiguity,-8.13,gear24,gear24-weak,None,down,20.116145914159006
AGS1997WRNO,2020-02-05-10-00-22,45,1.273200144925194,Ambiguity,-8.13,gear24,gear24-weak,None,up,21.683720172277845
AGS1997WRNO,2020-02-05-10-00-22,45,1.273200144925194,Ambiguity,-8.13,gear24,gear24-weak,None,right,22.55104094004446
AGS1997WRNO,2020-02-05-10-00-22,45,1.273200144925194,Ambiguity,-8.13,gear24,gear24-weak,None,down,23.651976500128967
AGS1997WRNO,2020-02-05-10-00-22,45,1.273200144925194,Ambiguity,-8.13,gear24,gear24-weak,None,left,25.586790512351854
AGS1997WRNO,2020-02-05-10-00-22,45,1.273200144925194,Ambiguity,-8.13,gear24,gear24-weak,None,down,27.171366754916107
AGS1997WRNO,2020-02-05-10-00-22,45,1.273200144925194,Ambiguity,-8.13,gear24,gear24-weak,None,up,29.05616128343081
AGS1997WRNO,2020-02-05-10-00-22,45,1.273200144925194,Ambiguity,-8.13,gear24,gear24-weak,None,right,30.207094557716573
AGS1997WRNO,2020-02-05-10-00-22,45,1.273200144925194,Ambiguity,-8.13,gear24,gear24-weak,None,down,32.19199616110291
AGS1997WRNO,2020-02-05-10-00-22,45,1.273200144925194,Ambiguity,-8.13,gear24,gear24-weak,None,right,37.26260431092214
AGS1997WRNO,2020-02-05-10-00-22,45,1.273200144925194,Ambiguity,-8.13,gear24,gear24-weak,None,up,38.430212405073235
AGS1997WRNO,2020-02-05-10-00-22,45,1.273200144925194,Ambiguity,-8.13,gear24,gear24-weak,None,unclear,46.10292218303357
AGS1997WRNO,2020-02-05-10-00-22,45,1.273200144925194,Ambiguity,-8.13,gear24,gear24-weak,None,down,46.11956154970267
AGS1997WRNO,2020-02-05-10-00-22,45,1.273200144925194,Ambiguity,-8.13,gear24,gear24-weak,None,up,48.054465749880364
AGS1997WRNO,2020-02-05-10-00-22,45,1.273200144925194,Ambiguity,-8.13,gear24,gear24-weak,None,down,50.07265759334405
AGS1997WRNO,2020-02-05-10-00-22,45,1.273200144925194,Ambiguity,-8.13,gear24,gear24-weak,None,up,51.85738827500609
AGS1997WRNO,2020-02-05-10-00-22,45,1.273200144925194,Ambiguity,-8.13,gear24,gear24-weak,None,down,53.275155053308936
AGS1997WRNO,2020-02-05-10-00-22,45,1.273200144925194,Ambiguity,-8.13,gear24,gear24-weak,None,up,54.37605484920414
AGS1997WRNO,2020-02-05-10-00-22,45,1.273200144925194,Ambiguity,-8.13,gear24,gear24-weak,None,down,55.493579395099914
AGS1997WRNO,2020-02-05-10-00-22,45,1.273200144925194,Ambiguity,-8.13,gear24,gear24-weak,None,up,58.078933120033525
AGS1997WRNO,2020-02-05-10-00-22,45,1.273200144925194,Ambiguity,-8.13,gear24,gear24-weak,None,down,59.86374808078472
AGS1997WRNO,2020-02-05-10-00-22,45,1.273200144925194,Ambiguity,-8.13,gear24,gear24-weak,None,end,60.01373655849602
AGS1997WRNO,2020-02-05-10-00-22,46,1.051312165735711,Ambiguity,-8.13,gear24,gear24-medium,None,up,1.7347366993758442
AGS1997WRNO,2020-02-05-10-00-22,46,1.051312165735711,Ambiguity,-8.13,gear24,gear24-medium,None,unclear,1.8348282246001872
AGS1997WRNO,2020-02-05-10-00-22,46,1.051312165735711,Ambiguity,-8.13,gear24,gear24-medium,None,up,3.6862864860813715
AGS1997WRNO,2020-02-05-10-00-22,46,1.051312165735711,Ambiguity,-8.13,gear24,gear24-medium,None,down,13.52730347033912
AGS1997WRNO,2020-02-05-10-00-22,46,1.051312165735711,Ambiguity,-8.13,gear24,gear24-medium,None,up,15.779073719945245
AGS1997WRNO,2020-02-05-10-00-22,46,1.051312165735711,Ambiguity,-8.13,gear24,gear24-medium,None,down,19.315184821553885
AGS1997WRNO,2020-02-05-10-00-22,46,1.051312165735711,Ambiguity,-8.13,gear24,gear24-medium,None,up,21.75038928542199
AGS1997WRNO,2020-02-05-10-00-22,46,1.051312165735711,Ambiguity,-8.13,gear24,gear24-medium,None,down,24.402573528840094
AGS1997WRNO,2020-02-05-10-00-22,46,1.051312165735711,Ambiguity,-8.13,gear24,gear24-medium,None,up,26.654332582700135
AGS1997WRNO,2020-02-05-10-00-22,46,1.051312165735711,Ambiguity,-8.13,gear24,gear24-medium,None,down,28.956084063881917
AGS1997WRNO,2020-02-05-10-00-22,46,1.051312165735711,Ambiguity,-8.13,gear24,gear24-medium,None,up,30.70746977070803
AGS1997WRNO,2020-02-05-10-00-22,46,1.051312165735711,Ambiguity,-8.13,gear24,gear24-medium,None,down,32.77574454044088
AGS1997WRNO,2020-02-05-10-00-22,46,1.051312165735711,Ambiguity,-8.13,gear24,gear24-medium,None,up,34.643884774624894
AGS1997WRNO,2020-02-05-10-00-22,46,1.051312165735711,Ambiguity,-8.13,gear24,gear24-medium,None,down,35.99493019296824
AGS1997WRNO,2020-02-05-10-00-22,46,1.051312165735711,Ambiguity,-8.13,gear24,gear24-medium,None,up,37.712933605804665
AGS1997WRNO,2020-02-05-10-00-22,46,1.051312165735711,Ambiguity,-8.13,gear24,gear24-medium,None,down,39.21410433875599
AGS1997WRNO,2020-02-05-10-00-22,46,1.051312165735711,Ambiguity,-8.13,gear24,gear24-medium,None,up,41.08225017081304
AGS1997WRNO,2020-02-05-10-00-22,46,1.051312165735711,Ambiguity,-8.13,gear24,gear24-medium,None,down,43.41741193534972
AGS1997WRNO,2020-02-05-10-00-22,46,1.051312165735711,Ambiguity,-8.13,gear24,gear24-medium,None,up,45.635851515795366
AGS1997WRNO,2020-02-05-10-00-22,46,1.051312165735711,Ambiguity,-8.13,gear24,gear24-medium,None,down,47.15368711683732
AGS1997WRNO,2020-02-05-10-00-22,46,1.051312165735711,Ambiguity,-8.13,gear24,gear24-medium,None,up,49.7891215910895
AGS1997WRNO,2020-02-05-10-00-22,46,1.051312165735711,Ambiguity,-8.13,gear24,gear24-medium,None,down,51.623896324902944
AGS1997WRNO,2020-02-05-10-00-22,46,1.051312165735711,Ambiguity,-8.13,gear24,gear24-medium,None,up,56.06069867053611
AGS1997WRNO,2020-02-05-10-00-22,46,1.051312165735711,Ambiguity,-8.13,gear24,gear24-medium,None,end,60.01370981310265
AGS1997WRNO,2020-02-05-10-00-22,47,1.0510207247471581,Ambiguity,-8.13,gear24-medium-strong,gear24,None,down,1.618032863868848
AGS1997WRNO,2020-02-05-10-00-22,47,1.0510207247471581,Ambiguity,-8.13,gear24-medium-strong,gear24,None,end,60.01377170069918
AGS1997WRNO,2020-02-05-10-00-22,48,1.0720555170802983,Occlusion,-8.13,gear24,gear24,8.13,down,3.8530766687804316
AGS1997WRNO,2020-02-05-10-00-22,48,1.0720555170802983,Occlusion,-8.13,gear24,gear24,8.13,up,24.86954530032108
AGS1997WRNO,2020-02-05-10-00-22,48,1.0720555170802983,Occlusion,-8.13,gear24,gear24,8.13,down,25.887011597238143
AGS1997WRNO,2020-02-05-10-00-22,48,1.0720555170802983,Occlusion,-8.13,gear24,gear24,8.13,up,36.77890609474662
AGS1997WRNO,2020-02-05-10-00-22,48,1.0720555170802983,Occlusion,-8.13,gear24,gear24,8.13,down,38.93057237941002
AGS1997WRNO,2020-02-05-10-00-22,48,1.0720555170802983,Occlusion,-8.13,gear24,gear24,8.13,up,40.298320917976525
AGS1997WRNO,2020-02-05-10-00-22,48,1.0720555170802983,Occlusion,-8.13,gear24,gear24,8.13,down,42.066708920242036
AGS1997WRNO,2020-02-05-10-00-22,48,1.0720555170802983,Occlusion,-8.13,gear24,gear24,8.13,up,43.63429592907141
AGS1997WRNO,2020-02-05-10-00-22,48,1.0720555170802983,Occlusion,-8.13,gear24,gear24,8.13,down,52.92493469925603
AGS1997WRNO,2020-02-05-10-00-22,48,1.0720555170802983,Occlusion,-8.13,gear24,gear24,8.13,up,54.27595461617739
AGS1997WRNO,2020-02-05-10-00-22,48,1.0720555170802983,Occlusion,-8.13,gear24,gear24,8.13,end,60.0138012450293
AGS1997WRNO,2020-02-05-10-00-22,49,1.1328446353666102,Control,-8.13,gear24,gear24,None,up,2.1684306704978553
AGS1997WRNO,2020-02-05-10-00-22,49,1.1328446353666102,Control,-8.13,gear24,gear24,None,down,10.92533090427105
AGS1997WRNO,2020-02-05-10-00-22,49,1.1328446353666102,Control,-8.13,gear24,gear24,None,up,12.609921545809357
AGS1997WRNO,2020-02-05-10-00-22,49,1.1328446353666102,Control,-8.13,gear24,gear24,None,down,13.96103631557935
AGS1997WRNO,2020-02-05-10-00-22,49,1.1328446353666102,Control,-8.13,gear24,gear24,None,up,20.63288184413841
AGS1997WRNO,2020-02-05-10-00-22,49,1.1328446353666102,Control,-8.13,gear24,gear24,None,down,22.93474466079533
AGS1997WRNO,2020-02-05-10-00-22,49,1.1328446353666102,Control,-8.13,gear24,gear24,None,up,27.75515152042908
AGS1997WRNO,2020-02-05-10-00-22,49,1.1328446353666102,Control,-8.13,gear24,gear24,None,down,31.624878129638546
AGS1997WRNO,2020-02-05-10-00-22,49,1.1328446353666102,Control,-8.13,gear24,gear24,None,up,33.693181821715825
AGS1997WRNO,2020-02-05-10-00-22,49,1.1328446353666102,Control,-8.13,gear24,gear24,None,down,34.64390498916646
AGS1997WRNO,2020-02-05-10-00-22,49,1.1328446353666102,Control,-8.13,gear24,gear24,None,up,37.12917216476308
AGS1997WRNO,2020-02-05-10-00-22,49,1.1328446353666102,Control,-8.13,gear24,gear24,None,down,40.06480875333182
AGS1997WRNO,2020-02-05-10-00-22,49,1.1328446353666102,Control,-8.13,gear24,gear24,None,up,46.82010830640411
AGS1997WRNO,2020-02-05-10-00-22,49,1.1328446353666102,Control,-8.13,gear24,gear24,None,down,47.887617100507214
AGS1997WRNO,2020-02-05-10-00-22,49,1.1328446353666102,Control,-8.13,gear24,gear24,None,up,50.10613785011219
AGS1997WRNO,2020-02-05-10-00-22,49,1.1328446353666102,Control,-8.13,gear24,gear24,None,down,51.2902898360976
AGS1997WRNO,2020-02-05-10-00-22,49,1.1328446353666102,Control,-8.13,gear24,gear24,None,end,60.013734070552346
AGS1997WRNO,2020-02-05-10-00-22,50,0.7443118385002512,Occlusion,-8.13,gear24,gear24,65.04,left,1.2677164129945595
AGS1997WRNO,2020-02-05-10-00-22,50,0.7443118385002512,Occlusion,-8.13,gear24,gear24,65.04,down,7.038936006048061
AGS1997WRNO,2020-02-05-10-00-22,50,0.7443118385002512,Occlusion,-8.13,gear24,gear24,65.04,up,9.540866183777325
AGS1997WRNO,2020-02-05-10-00-22,50,0.7443118385002512,Occlusion,-8.13,gear24,gear24,65.04,down,11.242189800861524
AGS1997WRNO,2020-02-05-10-00-22,50,0.7443118385002512,Occlusion,-8.13,gear24,gear24,65.04,up,17.814027461298792
AGS1997WRNO,2020-02-05-10-00-22,50,0.7443118385002512,Occlusion,-8.13,gear24,gear24,65.04,right,20.916442725828347
AGS1997WRNO,2020-02-05-10-00-22,50,0.7443118385002512,Occlusion,-8.13,gear24,gear24,65.04,down,24.853380197897422
AGS1997WRNO,2020-02-05-10-00-22,50,0.7443118385002512,Occlusion,-8.13,gear24,gear24,65.04,left,26.954523812263687
AGS1997WRNO,2020-02-05-10-00-22,50,0.7443118385002512,Occlusion,-8.13,gear24,gear24,65.04,right,28.58915934563356
AGS1997WRNO,2020-02-05-10-00-22,50,0.7443118385002512,Occlusion,-8.13,gear24,gear24,65.04,down,44.35157566131875
AGS1997WRNO,2020-02-05-10-00-22,50,0.7443118385002512,Occlusion,-8.13,gear24,gear24,65.04,right,51.25692620168411
AGS1997WRNO,2020-02-05-10-00-22,50,0.7443118385002512,Occlusion,-8.13,gear24,gear24,65.04,up,56.694556410544465
AGS1997WRNO,2020-02-05-10-00-22,50,0.7443118385002512,Occlusion,-8.13,gear24,gear24,65.04,end,60.01371105707403
AGS1997WRNO,2020-02-05-10-00-22,51,1.4094451481358674,Separation,0.0,gear24,gear24,None,down,4.220044926041737
AGS1997WRNO,2020-02-05-10-00-22,51,1.4094451481358674,Separation,0.0,gear24,gear24,None,up,17.447097145178304
AGS1997WRNO,2020-02-05-10-00-22,51,1.4094451481358674,Separation,0.0,gear24,gear24,None,down,19.915663377501915
AGS1997WRNO,2020-02-05-10-00-22,51,1.4094451481358674,Separation,0.0,gear24,gear24,None,up,21.817148897514926
AGS1997WRNO,2020-02-05-10-00-22,51,1.4094451481358674,Separation,0.0,gear24,gear24,None,down,23.45177105818766
AGS1997WRNO,2020-02-05-10-00-22,51,1.4094451481358674,Separation,0.0,gear24,gear24,None,up,26.72100978166145
AGS1997WRNO,2020-02-05-10-00-22,51,1.4094451481358674,Separation,0.0,gear24,gear24,None,down,28.20549294403645
AGS1997WRNO,2020-02-05-10-00-22,51,1.4094451481358674,Separation,0.0,gear24,gear24,None,up,32.925913083068735
AGS1997WRNO,2020-02-05-10-00-22,51,1.4094451481358674,Separation,0.0,gear24,gear24,None,down,35.07797557274807
AGS1997WRNO,2020-02-05-10-00-22,51,1.4094451481358674,Separation,0.0,gear24,gear24,None,up,38.73042509315019
AGS1997WRNO,2020-02-05-10-00-22,51,1.4094451481358674,Separation,0.0,gear24,gear24,None,down,41.082266964432165
AGS1997WRNO,2020-02-05-10-00-22,51,1.4094451481358674,Separation,0.0,gear24,gear24,None,up,42.7335549261752
AGS1997WRNO,2020-02-05-10-00-22,51,1.4094451481358674,Separation,0.0,gear24,gear24,None,unclear,48.77161455409714
AGS1997WRNO,2020-02-05-10-00-22,51,1.4094451481358674,Separation,0.0,gear24,gear24,None,down,48.77166959984879
AGS1997WRNO,2020-02-05-10-00-22,51,1.4094451481358674,Separation,0.0,gear24,gear24,None,up,50.589781331528684
AGS1997WRNO,2020-02-05-10-00-22,51,1.4094451481358674,Separation,0.0,gear24,gear24,None,end,60.01373220459482
AGS1997WRNO,2020-02-05-10-00-22,52,1.0649587905164433,Ambiguity,-8.13,gear24-strong,gear24,None,down,2.051646909802912
AGS1997WRNO,2020-02-05-10-00-22,52,1.0649587905164433,Ambiguity,-8.13,gear24-strong,gear24,None,end,60.01372505175732
