Participant,Session,Block,OnsetDelay,Condition,Distance,SphereDisambiguation,WalkerDisambiguation,Percept,Time
AGS1997WRNO,2020-02-03-12-11-03,1,1.022710860459041,Sphere ambiguity,0,-1.0,0.0,down,4.236670069944921
AGS1997WRNO,2020-02-03-12-11-03,1,1.022710860459041,Sphere ambiguity,0,-1.0,0.0,unclear,12.926728029340211
AGS1997WRNO,2020-02-03-12-11-03,1,1.022710860459041,Sphere ambiguity,0,-1.0,0.0,down,13.377087799293804
AGS1997WRNO,2020-02-03-12-11-03,1,1.022710860459041,Sphere ambiguity,0,-1.0,0.0,end,60.01333000780278
AGS1997WRNO,2020-02-03-12-11-03,2,1.1070919319553765,Distance,3,0.0,0.0,down,8.60671920963523
AGS1997WRNO,2020-02-03-12-11-03,2,1.1070919319553765,Distance,3,0.0,0.0,up,28.388725704993703
AGS1997WRNO,2020-02-03-12-11-03,2,1.1070919319553765,Distance,3,0.0,0.0,down,31.14092619965595
AGS1997WRNO,2020-02-03-12-11-03,2,1.1070919319553765,Distance,3,0.0,0.0,up,32.07494323636547
AGS1997WRNO,2020-02-03-12-11-03,2,1.1070919319553765,Distance,3,0.0,0.0,down,37.91284290257863
AGS1997WRNO,2020-02-03-12-11-03,2,1.1070919319553765,Distance,3,0.0,0.0,up,40.031166586379186
AGS1997WRNO,2020-02-03-12-11-03,2,1.1070919319553765,Distance,3,0.0,0.0,down,44.601316984743335
AGS1997WRNO,2020-02-03-12-11-03,2,1.1070919319553765,Distance,3,0.0,0.0,up,48.20412206148512
AGS1997WRNO,2020-02-03-12-11-03,2,1.1070919319553765,Distance,3,0.0,0.0,down,50.0722429013972
AGS1997WRNO,2020-02-03-12-11-03,2,1.1070919319553765,Distance,3,0.0,0.0,up,52.57421567288975
AGS1997WRNO,2020-02-03-12-11-03,2,1.1070919319553765,Distance,3,0.0,0.0,down,54.34219678453974
AGS1997WRNO,2020-02-03-12-11-03,2,1.1070919319553765,Distance,3,0.0,0.0,up,55.54315637841046
AGS1997WRNO,2020-02-03-12-11-03,2,1.1070919319553765,Distance,3,0.0,0.0,unclear,56.643986817713085
AGS1997WRNO,2020-02-03-12-11-03,2,1.1070919319553765,Distance,3,0.0,0.0,down,56.66067335152229
AGS1997WRNO,2020-02-03-12-11-03,2,1.1070919319553765,Distance,3,0.0,0.0,up,58.39539521826464
AGS1997WRNO,2020-02-03-12-11-03,2,1.1070919319553765,Distance,3,0.0,0.0,end,60.01322395986699
AGS1997WRNO,2020-02-03-12-11-03,3,0.7228750987723512,Walker ambiguity,0,0.0,-1.0,down,5.45490863550549
AGS1997WRNO,2020-02-03-12-11-03,3,0.7228750987723512,Walker ambiguity,0,0.0,-1.0,unclear,6.154859219033369
AGS1997WRNO,2020-02-03-12-11-03,3,0.7228750987723512,Walker ambiguity,0,0.0,-1.0,up,6.171491951397456
AGS1997WRNO,2020-02-03-12-11-03,3,0.7228750987723512,Walker ambiguity,0,0.0,-1.0,down,14.678073920697898
AGS1997WRNO,2020-02-03-12-11-03,3,0.7228750987723512,Walker ambiguity,0,0.0,-1.0,up,15.962437572441559
AGS1997WRNO,2020-02-03-12-11-03,3,0.7228750987723512,Walker ambiguity,0,0.0,-1.0,down,17.814653398961127
AGS1997WRNO,2020-02-03-12-11-03,3,0.7228750987723512,Walker ambiguity,0,0.0,-1.0,up,19.498599140980787
AGS1997WRNO,2020-02-03-12-11-03,3,0.7228750987723512,Walker ambiguity,0,0.0,-1.0,down,21.483419047639927
AGS1997WRNO,2020-02-03-12-11-03,3,0.7228750987723512,Walker ambiguity,0,0.0,-1.0,up,22.584251974870767
AGS1997WRNO,2020-02-03-12-11-03,3,0.7228750987723512,Walker ambiguity,0,0.0,-1.0,down,24.50245791747375
AGS1997WRNO,2020-02-03-12-11-03,3,0.7228750987723512,Walker ambiguity,0,0.0,-1.0,up,26.987659565601916
AGS1997WRNO,2020-02-03-12-11-03,3,0.7228750987723512,Walker ambiguity,0,0.0,-1.0,down,28.87248653175675
AGS1997WRNO,2020-02-03-12-11-03,3,0.7228750987723512,Walker ambiguity,0,0.0,-1.0,up,31.057542978180663
AGS1997WRNO,2020-02-03-12-11-03,3,0.7228750987723512,Walker ambiguity,0,0.0,-1.0,down,45.151743711061954
AGS1997WRNO,2020-02-03-12-11-03,3,0.7228750987723512,Walker ambiguity,0,0.0,-1.0,up,46.95322539664585
AGS1997WRNO,2020-02-03-12-11-03,3,0.7228750987723512,Walker ambiguity,0,0.0,-1.0,end,60.01329610978246
AGS1997WRNO,2020-02-03-12-11-03,4,1.0752299738277191,Sphere ambiguity,0,0.25,0.0,up,0.9841012064275674
AGS1997WRNO,2020-02-03-12-11-03,4,1.0752299738277191,Sphere ambiguity,0,0.25,0.0,end,60.01330668347691
AGS1997WRNO,2020-02-03-12-11-03,5,1.2383384664304176,Walker ambiguity,0,0.0,0.25,up,1.3511119639174467
AGS1997WRNO,2020-02-03-12-11-03,5,1.2383384664304176,Walker ambiguity,0,0.0,0.25,down,27.221197956042488
AGS1997WRNO,2020-02-03-12-11-03,5,1.2383384664304176,Walker ambiguity,0,0.0,0.25,up,27.93838739341936
AGS1997WRNO,2020-02-03-12-11-03,5,1.2383384664304176,Walker ambiguity,0,0.0,0.25,down,30.473690626762163
AGS1997WRNO,2020-02-03-12-11-03,5,1.2383384664304176,Walker ambiguity,0,0.0,0.25,up,31.991537001555116
AGS1997WRNO,2020-02-03-12-11-03,5,1.2383384664304176,Walker ambiguity,0,0.0,0.25,down,33.926425124093385
AGS1997WRNO,2020-02-03-12-11-03,5,1.2383384664304176,Walker ambiguity,0,0.0,0.25,up,35.91125591543778
AGS1997WRNO,2020-02-03-12-11-03,5,1.2383384664304176,Walker ambiguity,0,0.0,0.25,down,39.06371055195632
AGS1997WRNO,2020-02-03-12-11-03,5,1.2383384664304176,Walker ambiguity,0,0.0,0.25,up,40.73165673931544
AGS1997WRNO,2020-02-03-12-11-03,5,1.2383384664304176,Walker ambiguity,0,0.0,0.25,down,42.9667581705894
AGS1997WRNO,2020-02-03-12-11-03,5,1.2383384664304176,Walker ambiguity,0,0.0,0.25,up,43.91745832020706
AGS1997WRNO,2020-02-03-12-11-03,5,1.2383384664304176,Walker ambiguity,0,0.0,0.25,down,46.21925084130862
AGS1997WRNO,2020-02-03-12-11-03,5,1.2383384664304176,Walker ambiguity,0,0.0,0.25,up,52.12389228888469
AGS1997WRNO,2020-02-03-12-11-03,5,1.2383384664304176,Walker ambiguity,0,0.0,0.25,down,54.99276106218349
AGS1997WRNO,2020-02-03-12-11-03,5,1.2383384664304176,Walker ambiguity,0,0.0,0.25,up,57.61147053033619
AGS1997WRNO,2020-02-03-12-11-03,5,1.2383384664304176,Walker ambiguity,0,0.0,0.25,down,58.445396664372765
AGS1997WRNO,2020-02-03-12-11-03,5,1.2383384664304176,Walker ambiguity,0,0.0,0.25,up,59.36282886133449
AGS1997WRNO,2020-02-03-12-11-03,5,1.2383384664304176,Walker ambiguity,0,0.0,0.25,end,60.01328646906086
AGS1997WRNO,2020-02-03-12-11-03,6,1.2336223702233644,Sphere ambiguity,0,1.0,0.0,up,1.0842720337909668
AGS1997WRNO,2020-02-03-12-11-03,6,1.2336223702233644,Sphere ambiguity,0,1.0,0.0,down,11.543265225264804
AGS1997WRNO,2020-02-03-12-11-03,6,1.2336223702233644,Sphere ambiguity,0,1.0,0.0,up,14.611412375016698
AGS1997WRNO,2020-02-03-12-11-03,6,1.2336223702233644,Sphere ambiguity,0,1.0,0.0,down,26.337143491564348
AGS1997WRNO,2020-02-03-12-11-03,6,1.2336223702233644,Sphere ambiguity,0,1.0,0.0,up,27.471335802809335
AGS1997WRNO,2020-02-03-12-11-03,6,1.2336223702233644,Sphere ambiguity,0,1.0,0.0,down,41.84924337441407
AGS1997WRNO,2020-02-03-12-11-03,6,1.2336223702233644,Sphere ambiguity,0,1.0,0.0,up,45.16843522072713
AGS1997WRNO,2020-02-03-12-11-03,6,1.2336223702233644,Sphere ambiguity,0,1.0,0.0,down,49.321702476763676
AGS1997WRNO,2020-02-03-12-11-03,6,1.2336223702233644,Sphere ambiguity,0,1.0,0.0,up,51.03969738086471
AGS1997WRNO,2020-02-03-12-11-03,6,1.2336223702233644,Sphere ambiguity,0,1.0,0.0,down,52.474137831839016
AGS1997WRNO,2020-02-03-12-11-03,6,1.2336223702233644,Sphere ambiguity,0,1.0,0.0,up,54.50921606318343
AGS1997WRNO,2020-02-03-12-11-03,6,1.2336223702233644,Sphere ambiguity,0,1.0,0.0,end,60.01331508023395
AGS1997WRNO,2020-02-03-12-11-03,7,1.0534101687144493,Walker ambiguity,0,0.0,1.0,up,1.0008356328526133
AGS1997WRNO,2020-02-03-12-11-03,7,1.0534101687144493,Walker ambiguity,0,0.0,1.0,unclear,2.2851641426118476
AGS1997WRNO,2020-02-03-12-11-03,7,1.0534101687144493,Walker ambiguity,0,0.0,1.0,down,2.318514196895194
AGS1997WRNO,2020-02-03-12-11-03,7,1.0534101687144493,Walker ambiguity,0,0.0,1.0,up,6.922134381082742
AGS1997WRNO,2020-02-03-12-11-03,7,1.0534101687144493,Walker ambiguity,0,0.0,1.0,down,7.972916103643456
AGS1997WRNO,2020-02-03-12-11-03,7,1.0534101687144493,Walker ambiguity,0,0.0,1.0,unclear,8.940274797879283
AGS1997WRNO,2020-02-03-12-11-03,7,1.0534101687144493,Walker ambiguity,0,0.0,1.0,up,8.957002071511397
AGS1997WRNO,2020-02-03-12-11-03,7,1.0534101687144493,Walker ambiguity,0,0.0,1.0,down,13.577319985184658
AGS1997WRNO,2020-02-03-12-11-03,7,1.0534101687144493,Walker ambiguity,0,0.0,1.0,up,16.946564902114005
AGS1997WRNO,2020-02-03-12-11-03,7,1.0534101687144493,Walker ambiguity,0,0.0,1.0,down,19.2818433805719
AGS1997WRNO,2020-02-03-12-11-03,7,1.0534101687144493,Walker ambiguity,0,0.0,1.0,up,20.782841195238234
AGS1997WRNO,2020-02-03-12-11-03,7,1.0534101687144493,Walker ambiguity,0,0.0,1.0,down,25.3864657332997
AGS1997WRNO,2020-02-03-12-11-03,7,1.0534101687144493,Walker ambiguity,0,0.0,1.0,up,27.13781317961275
AGS1997WRNO,2020-02-03-12-11-03,7,1.0534101687144493,Walker ambiguity,0,0.0,1.0,down,39.16372028597516
AGS1997WRNO,2020-02-03-12-11-03,7,1.0534101687144493,Walker ambiguity,0,0.0,1.0,up,42.81664747333798
AGS1997WRNO,2020-02-03-12-11-03,7,1.0534101687144493,Walker ambiguity,0,0.0,1.0,down,45.61878068509441
AGS1997WRNO,2020-02-03-12-11-03,7,1.0534101687144493,Walker ambiguity,0,0.0,1.0,up,47.937288973160776
AGS1997WRNO,2020-02-03-12-11-03,7,1.0534101687144493,Walker ambiguity,0,0.0,1.0,down,51.52337330708178
AGS1997WRNO,2020-02-03-12-11-03,7,1.0534101687144493,Walker ambiguity,0,0.0,1.0,up,56.71071242754306
AGS1997WRNO,2020-02-03-12-11-03,7,1.0534101687144493,Walker ambiguity,0,0.0,1.0,end,60.0132255148219
AGS1997WRNO,2020-02-03-12-11-03,8,1.3798257558325981,Distance,1,0.0,0.0,up,2.7020647004364946
AGS1997WRNO,2020-02-03-12-11-03,8,1.3798257558325981,Distance,1,0.0,0.0,down,5.737780463357922
AGS1997WRNO,2020-02-03-12-11-03,8,1.3798257558325981,Distance,1,0.0,0.0,up,10.357985798284517
AGS1997WRNO,2020-02-03-12-11-03,8,1.3798257558325981,Distance,1,0.0,0.0,down,23.534865979977894
AGS1997WRNO,2020-02-03-12-11-03,8,1.3798257558325981,Distance,1,0.0,0.0,up,25.43638849868148
AGS1997WRNO,2020-02-03-12-11-03,8,1.3798257558325981,Distance,1,0.0,0.0,down,34.19314749961677
AGS1997WRNO,2020-02-03-12-11-03,8,1.3798257558325981,Distance,1,0.0,0.0,up,36.344917333923604
AGS1997WRNO,2020-02-03-12-11-03,8,1.3798257558325981,Distance,1,0.0,0.0,down,48.83781632062164
AGS1997WRNO,2020-02-03-12-11-03,8,1.3798257558325981,Distance,1,0.0,0.0,up,49.822015800209556
AGS1997WRNO,2020-02-03-12-11-03,8,1.3798257558325981,Distance,1,0.0,0.0,down,51.3897967580433
AGS1997WRNO,2020-02-03-12-11-03,8,1.3798257558325981,Distance,1,0.0,0.0,up,54.959264220141904
AGS1997WRNO,2020-02-03-12-11-03,8,1.3798257558325981,Distance,1,0.0,0.0,unclear,55.84331215380871
AGS1997WRNO,2020-02-03-12-11-03,8,1.3798257558325981,Distance,1,0.0,0.0,down,55.87664510358627
AGS1997WRNO,2020-02-03-12-11-03,8,1.3798257558325981,Distance,1,0.0,0.0,up,58.36189091243841
AGS1997WRNO,2020-02-03-12-11-03,8,1.3798257558325981,Distance,1,0.0,0.0,end,60.013664634132965
AGS1997WRNO,2020-02-03-12-11-03,9,0.9183843646149823,Walker ambiguity,0,0.0,0.25,up,1.184302915198714
AGS1997WRNO,2020-02-03-12-11-03,9,0.9183843646149823,Walker ambiguity,0,0.0,0.25,unclear,5.554424515794835
AGS1997WRNO,2020-02-03-12-11-03,9,0.9183843646149823,Walker ambiguity,0,0.0,0.25,down,7.472491445415017
AGS1997WRNO,2020-02-03-12-11-03,9,0.9183843646149823,Walker ambiguity,0,0.0,0.25,end,60.013289889961925
AGS1997WRNO,2020-02-03-12-11-03,10,0.8120961483115426,Sphere ambiguity,0,0.25,0.0,down,3.302609183502227
AGS1997WRNO,2020-02-03-12-11-03,10,0.8120961483115426,Sphere ambiguity,0,0.25,0.0,up,15.795623236875144
AGS1997WRNO,2020-02-03-12-11-03,10,0.8120961483115426,Sphere ambiguity,0,0.25,0.0,down,19.982211625030686
AGS1997WRNO,2020-02-03-12-11-03,10,0.8120961483115426,Sphere ambiguity,0,0.25,0.0,up,21.750244672179633
AGS1997WRNO,2020-02-03-12-11-03,10,0.8120961483115426,Sphere ambiguity,0,0.25,0.0,unclear,26.654052663840048
AGS1997WRNO,2020-02-03-12-11-03,10,0.8120961483115426,Sphere ambiguity,0,0.25,0.0,down,26.7041284368006
AGS1997WRNO,2020-02-03-12-11-03,10,0.8120961483115426,Sphere ambiguity,0,0.25,0.0,up,29.055915251216902
AGS1997WRNO,2020-02-03-12-11-03,10,0.8120961483115426,Sphere ambiguity,0,0.25,0.0,down,31.12417840061653
AGS1997WRNO,2020-02-03-12-11-03,10,0.8120961483115426,Sphere ambiguity,0,0.25,0.0,up,32.325113737188076
AGS1997WRNO,2020-02-03-12-11-03,10,0.8120961483115426,Sphere ambiguity,0,0.25,0.0,down,35.694401881868544
AGS1997WRNO,2020-02-03-12-11-03,10,0.8120961483115426,Sphere ambiguity,0,0.25,0.0,up,37.07878677429835
AGS1997WRNO,2020-02-03-12-11-03,10,0.8120961483115426,Sphere ambiguity,0,0.25,0.0,unclear,41.89928680430921
AGS1997WRNO,2020-02-03-12-11-03,10,0.8120961483115426,Sphere ambiguity,0,0.25,0.0,down,41.91591082892455
AGS1997WRNO,2020-02-03-12-11-03,10,0.8120961483115426,Sphere ambiguity,0,0.25,0.0,unclear,43.133516838763626
AGS1997WRNO,2020-02-03-12-11-03,10,0.8120961483115426,Sphere ambiguity,0,0.25,0.0,up,43.16685569737092
AGS1997WRNO,2020-02-03-12-11-03,10,0.8120961483115426,Sphere ambiguity,0,0.25,0.0,down,46.56954085597772
AGS1997WRNO,2020-02-03-12-11-03,10,0.8120961483115426,Sphere ambiguity,0,0.25,0.0,up,47.97055319392439
AGS1997WRNO,2020-02-03-12-11-03,10,0.8120961483115426,Sphere ambiguity,0,0.25,0.0,down,52.4574404133441
AGS1997WRNO,2020-02-03-12-11-03,10,0.8120961483115426,Sphere ambiguity,0,0.25,0.0,up,53.207984258878696
AGS1997WRNO,2020-02-03-12-11-03,10,0.8120961483115426,Sphere ambiguity,0,0.25,0.0,down,59.429473613500704
AGS1997WRNO,2020-02-03-12-11-03,10,0.8120961483115426,Sphere ambiguity,0,0.25,0.0,end,60.01316984743062
AGS1997WRNO,2020-02-03-12-11-03,11,1.1660536307786051,Control,0,0.0,0.0,up,5.304168492443296
AGS1997WRNO,2020-02-03-12-11-03,11,1.1660536307786051,Control,0,0.0,0.0,unclear,17.813884318185046
AGS1997WRNO,2020-02-03-12-11-03,11,1.1660536307786051,Control,0,0.0,0.0,down,17.84724121427098
AGS1997WRNO,2020-02-03-12-11-03,11,1.1660536307786051,Control,0,0.0,0.0,up,21.433381526574067
AGS1997WRNO,2020-02-03-12-11-03,11,1.1660536307786051,Control,0,0.0,0.0,down,24.603027435316562
AGS1997WRNO,2020-02-03-12-11-03,11,1.1660536307786051,Control,0,0.0,0.0,up,28.02180637886113
AGS1997WRNO,2020-02-03-12-11-03,11,1.1660536307786051,Control,0,0.0,0.0,down,30.15684240872497
AGS1997WRNO,2020-02-03-12-11-03,11,1.1660536307786051,Control,0,0.0,0.0,up,31.758050857604758
AGS1997WRNO,2020-02-03-12-11-03,11,1.1660536307786051,Control,0,0.0,0.0,down,33.27595010086998
AGS1997WRNO,2020-02-03-12-11-03,11,1.1660536307786051,Control,0,0.0,0.0,up,35.01053948544086
AGS1997WRNO,2020-02-03-12-11-03,11,1.1660536307786051,Control,0,0.0,0.0,down,39.89768613356409
AGS1997WRNO,2020-02-03-12-11-03,11,1.1660536307786051,Control,0,0.0,0.0,up,41.44890184408359
AGS1997WRNO,2020-02-03-12-11-03,11,1.1660536307786051,Control,0,0.0,0.0,down,46.43614157181719
AGS1997WRNO,2020-02-03-12-11-03,11,1.1660536307786051,Control,0,0.0,0.0,unclear,47.320112379712555
AGS1997WRNO,2020-02-03-12-11-03,11,1.1660536307786051,Control,0,0.0,0.0,up,47.336783674962135
AGS1997WRNO,2020-02-03-12-11-03,11,1.1660536307786051,Control,0,0.0,0.0,down,49.872089085241896
AGS1997WRNO,2020-02-03-12-11-03,11,1.1660536307786051,Control,0,0.0,0.0,up,55.64324261621823
AGS1997WRNO,2020-02-03-12-11-03,11,1.1660536307786051,Control,0,0.0,0.0,end,60.013307305458966
AGS1997WRNO,2020-02-03-12-11-03,12,0.8181728856008955,Distance,2,0.0,0.0,down,3.4193766682724345
AGS1997WRNO,2020-02-03-12-11-03,12,0.8181728856008955,Distance,2,0.0,0.0,up,6.304923578623402
AGS1997WRNO,2020-02-03-12-11-03,12,0.8181728856008955,Distance,2,0.0,0.0,down,11.759181931919557
AGS1997WRNO,2020-02-03-12-11-03,12,0.8181728856008955,Distance,2,0.0,0.0,up,14.794856022045224
AGS1997WRNO,2020-02-03-12-11-03,12,0.8181728856008955,Distance,2,0.0,0.0,down,20.666190021107013
AGS1997WRNO,2020-02-03-12-11-03,12,0.8181728856008955,Distance,2,0.0,0.0,unclear,21.73358488359736
AGS1997WRNO,2020-02-03-12-11-03,12,0.8181728856008955,Distance,2,0.0,0.0,up,21.733640550989094
AGS1997WRNO,2020-02-03-12-11-03,12,0.8181728856008955,Distance,2,0.0,0.0,down,24.385691054685594
AGS1997WRNO,2020-02-03-12-11-03,12,0.8181728856008955,Distance,2,0.0,0.0,up,25.603238909205174
AGS1997WRNO,2020-02-03-12-11-03,12,0.8181728856008955,Distance,2,0.0,0.0,down,26.98765179082602
AGS1997WRNO,2020-02-03-12-11-03,12,0.8181728856008955,Distance,2,0.0,0.0,up,29.623065208284515
AGS1997WRNO,2020-02-03-12-11-03,12,0.8181728856008955,Distance,2,0.0,0.0,down,31.190959055856183
AGS1997WRNO,2020-02-03-12-11-03,12,0.8181728856008955,Distance,2,0.0,0.0,up,32.60867565409944
AGS1997WRNO,2020-02-03-12-11-03,12,0.8181728856008955,Distance,2,0.0,0.0,unclear,34.09316295586996
AGS1997WRNO,2020-02-03-12-11-03,12,0.8181728856008955,Distance,2,0.0,0.0,down,34.1098376720206
AGS1997WRNO,2020-02-03-12-11-03,12,0.8181728856008955,Distance,2,0.0,0.0,up,36.91203588089911
AGS1997WRNO,2020-02-03-12-11-03,12,0.8181728856008955,Distance,2,0.0,0.0,down,38.096269445101825
AGS1997WRNO,2020-02-03-12-11-03,12,0.8181728856008955,Distance,2,0.0,0.0,up,39.39729226344525
AGS1997WRNO,2020-02-03-12-11-03,12,0.8181728856008955,Distance,2,0.0,0.0,unclear,40.46475647693205
AGS1997WRNO,2020-02-03-12-11-03,12,0.8181728856008955,Distance,2,0.0,0.0,down,40.46481183333253
AGS1997WRNO,2020-02-03-12-11-03,12,0.8181728856008955,Distance,2,0.0,0.0,up,42.08275222070915
AGS1997WRNO,2020-02-03-12-11-03,12,0.8181728856008955,Distance,2,0.0,0.0,down,44.45120193361754
AGS1997WRNO,2020-02-03-12-11-03,12,0.8181728856008955,Distance,2,0.0,0.0,up,48.18752633705117
AGS1997WRNO,2020-02-03-12-11-03,12,0.8181728856008955,Distance,2,0.0,0.0,down,49.121490816279675
AGS1997WRNO,2020-02-03-12-11-03,12,0.8181728856008955,Distance,2,0.0,0.0,up,50.05555792254245
AGS1997WRNO,2020-02-03-12-11-03,12,0.8181728856008955,Distance,2,0.0,0.0,down,51.75686069499625
AGS1997WRNO,2020-02-03-12-11-03,12,0.8181728856008955,Distance,2,0.0,0.0,up,54.77592662104826
AGS1997WRNO,2020-02-03-12-11-03,12,0.8181728856008955,Distance,2,0.0,0.0,down,55.72666160165954
AGS1997WRNO,2020-02-03-12-11-03,12,0.8181728856008955,Distance,2,0.0,0.0,up,56.94424148825374
AGS1997WRNO,2020-02-03-12-11-03,12,0.8181728856008955,Distance,2,0.0,0.0,end,60.013290200952724
AGS1997WRNO,2020-02-03-12-11-03,13,1.2579431743532918,Distance,4,0.0,0.0,up,2.9189967927495672
AGS1997WRNO,2020-02-03-12-11-03,13,1.2579431743532918,Distance,4,0.0,0.0,down,16.479523885197978
AGS1997WRNO,2020-02-03-12-11-03,13,1.2579431743532918,Distance,4,0.0,0.0,up,17.913928261215005
AGS1997WRNO,2020-02-03-12-11-03,13,1.2579431743532918,Distance,4,0.0,0.0,unclear,20.03235332808572
AGS1997WRNO,2020-02-03-12-11-03,13,1.2579431743532918,Distance,4,0.0,0.0,down,20.032409617459052
AGS1997WRNO,2020-02-03-12-11-03,13,1.2579431743532918,Distance,4,0.0,0.0,up,20.83293811558724
AGS1997WRNO,2020-02-03-12-11-03,13,1.2579431743532918,Distance,4,0.0,0.0,down,26.937620800571494
AGS1997WRNO,2020-02-03-12-11-03,13,1.2579431743532918,Distance,4,0.0,0.0,up,30.023449655375316
AGS1997WRNO,2020-02-03-12-11-03,13,1.2579431743532918,Distance,4,0.0,0.0,down,31.007476534950456
AGS1997WRNO,2020-02-03-12-11-03,13,1.2579431743532918,Distance,4,0.0,0.0,unclear,33.242521676851084
AGS1997WRNO,2020-02-03-12-11-03,13,1.2579431743532918,Distance,4,0.0,0.0,up,33.24257672226031
AGS1997WRNO,2020-02-03-12-11-03,13,1.2579431743532918,Distance,4,0.0,0.0,down,34.51015556703442
AGS1997WRNO,2020-02-03-12-11-03,13,1.2579431743532918,Distance,4,0.0,0.0,up,36.84529969737423
AGS1997WRNO,2020-02-03-12-11-03,13,1.2579431743532918,Distance,4,0.0,0.0,down,38.26315064373557
AGS1997WRNO,2020-02-03-12-11-03,13,1.2579431743532918,Distance,4,0.0,0.0,up,40.88177894323371
AGS1997WRNO,2020-02-03-12-11-03,13,1.2579431743532918,Distance,4,0.0,0.0,down,42.416302211114726
AGS1997WRNO,2020-02-03-12-11-03,13,1.2579431743532918,Distance,4,0.0,0.0,up,43.90074566315252
AGS1997WRNO,2020-02-03-12-11-03,13,1.2579431743532918,Distance,4,0.0,0.0,unclear,45.21848829134342
AGS1997WRNO,2020-02-03-12-11-03,13,1.2579431743532918,Distance,4,0.0,0.0,down,45.235166739386386
AGS1997WRNO,2020-02-03-12-11-03,13,1.2579431743532918,Distance,4,0.0,0.0,up,48.23750694676164
AGS1997WRNO,2020-02-03-12-11-03,13,1.2579431743532918,Distance,4,0.0,0.0,down,51.20646444579688
AGS1997WRNO,2020-02-03-12-11-03,13,1.2579431743532918,Distance,4,0.0,0.0,up,52.34063560965251
AGS1997WRNO,2020-02-03-12-11-03,13,1.2579431743532918,Distance,4,0.0,0.0,down,53.09128488114038
AGS1997WRNO,2020-02-03-12-11-03,13,1.2579431743532918,Distance,4,0.0,0.0,up,54.57577062795599
AGS1997WRNO,2020-02-03-12-11-03,13,1.2579431743532918,Distance,4,0.0,0.0,down,55.87672782719574
AGS1997WRNO,2020-02-03-12-11-03,13,1.2579431743532918,Distance,4,0.0,0.0,up,58.462128291878344
AGS1997WRNO,2020-02-03-12-11-03,13,1.2579431743532918,Distance,4,0.0,0.0,end,60.01331601320726
AGS1997WRNO,2020-02-03-12-11-03,14,1.3587844047459094,Distance,3,0.0,0.0,down,2.03497093944452
AGS1997WRNO,2020-02-03-12-11-03,14,1.3587844047459094,Distance,3,0.0,0.0,up,17.86384751239848
AGS1997WRNO,2020-02-03-12-11-03,14,1.3587844047459094,Distance,3,0.0,0.0,unclear,19.531884820124105
AGS1997WRNO,2020-02-03-12-11-03,14,1.3587844047459094,Distance,3,0.0,0.0,down,19.565210617108733
AGS1997WRNO,2020-02-03-12-11-03,14,1.3587844047459094,Distance,3,0.0,0.0,up,21.383325968029567
AGS1997WRNO,2020-02-03-12-11-03,14,1.3587844047459094,Distance,3,0.0,0.0,down,22.484138991835607
AGS1997WRNO,2020-02-03-12-11-03,14,1.3587844047459094,Distance,3,0.0,0.0,up,26.554014629638914
AGS1997WRNO,2020-02-03-12-11-03,14,1.3587844047459094,Distance,3,0.0,0.0,down,27.054365582997434
AGS1997WRNO,2020-02-03-12-11-03,14,1.3587844047459094,Distance,3,0.0,0.0,up,31.307646304944683
AGS1997WRNO,2020-02-03-12-11-03,14,1.3587844047459094,Distance,3,0.0,0.0,down,33.52608919160048
AGS1997WRNO,2020-02-03-12-11-03,14,1.3587844047459094,Distance,3,0.0,0.0,up,37.27895427405838
AGS1997WRNO,2020-02-03-12-11-03,14,1.3587844047459094,Distance,3,0.0,0.0,down,38.613309420197766
AGS1997WRNO,2020-02-03-12-11-03,14,1.3587844047459094,Distance,3,0.0,0.0,up,40.24795842174535
AGS1997WRNO,2020-02-03-12-11-03,14,1.3587844047459094,Distance,3,0.0,0.0,down,45.8356269438882
AGS1997WRNO,2020-02-03-12-11-03,14,1.3587844047459094,Distance,3,0.0,0.0,up,49.62190801072393
AGS1997WRNO,2020-02-03-12-11-03,14,1.3587844047459094,Distance,3,0.0,0.0,down,53.32473463914312
AGS1997WRNO,2020-02-03-12-11-03,14,1.3587844047459094,Distance,3,0.0,0.0,end,60.01319721464006
AGS1997WRNO,2020-02-03-12-11-03,15,1.3852833542737981,Sphere ambiguity,0,1.0,0.0,up,1.3177385853082342
AGS1997WRNO,2020-02-03-12-11-03,15,1.3852833542737981,Sphere ambiguity,0,1.0,0.0,down,17.530307784696106
AGS1997WRNO,2020-02-03-12-11-03,15,1.3852833542737981,Sphere ambiguity,0,1.0,0.0,up,18.664516578464827
AGS1997WRNO,2020-02-03-12-11-03,15,1.3852833542737981,Sphere ambiguity,0,1.0,0.0,down,31.190992642885703
AGS1997WRNO,2020-02-03-12-11-03,15,1.3852833542737981,Sphere ambiguity,0,1.0,0.0,unclear,32.10828333893642
AGS1997WRNO,2020-02-03-12-11-03,15,1.3852833542737981,Sphere ambiguity,0,1.0,0.0,up,32.1083402502918
AGS1997WRNO,2020-02-03-12-11-03,15,1.3852833542737981,Sphere ambiguity,0,1.0,0.0,end,60.013212453199685
AGS1997WRNO,2020-02-03-12-11-03,16,0.7488212046284897,Distance,1,0.0,0.0,up,2.4019854288271745
AGS1997WRNO,2020-02-03-12-11-03,16,0.7488212046284897,Distance,1,0.0,0.0,down,21.116460225649007
AGS1997WRNO,2020-02-03-12-11-03,16,0.7488212046284897,Distance,1,0.0,0.0,up,24.585917331746714
AGS1997WRNO,2020-02-03-12-11-03,16,0.7488212046284897,Distance,1,0.0,0.0,down,35.444306640870764
AGS1997WRNO,2020-02-03-12-11-03,16,0.7488212046284897,Distance,1,0.0,0.0,up,38.61349290489534
AGS1997WRNO,2020-02-03-12-11-03,16,0.7488212046284897,Distance,1,0.0,0.0,down,41.58237949797967
AGS1997WRNO,2020-02-03-12-11-03,16,0.7488212046284897,Distance,1,0.0,0.0,up,46.002487617115094
AGS1997WRNO,2020-02-03-12-11-03,16,0.7488212046284897,Distance,1,0.0,0.0,end,60.01325350401339
AGS1997WRNO,2020-02-03-12-11-03,17,1.2631402734959893,Walker ambiguity,0,0.0,0.25,up,1.5679799920822006
AGS1997WRNO,2020-02-03-12-11-03,17,1.2631402734959893,Walker ambiguity,0,0.0,0.25,down,19.198320835123013
AGS1997WRNO,2020-02-03-12-11-03,17,1.2631402734959893,Walker ambiguity,0,0.0,0.25,up,23.00131051613016
AGS1997WRNO,2020-02-03-12-11-03,17,1.2631402734959893,Walker ambiguity,0,0.0,0.25,down,27.754970180626515
AGS1997WRNO,2020-02-03-12-11-03,17,1.2631402734959893,Walker ambiguity,0,0.0,0.25,up,29.17271632301663
AGS1997WRNO,2020-02-03-12-11-03,17,1.2631402734959893,Walker ambiguity,0,0.0,0.25,down,30.023384036271636
AGS1997WRNO,2020-02-03-12-11-03,17,1.2631402734959893,Walker ambiguity,0,0.0,0.25,up,32.12504824248117
AGS1997WRNO,2020-02-03-12-11-03,17,1.2631402734959893,Walker ambiguity,0,0.0,0.25,down,39.38063216387218
AGS1997WRNO,2020-02-03-12-11-03,17,1.2631402734959893,Walker ambiguity,0,0.0,0.25,up,41.63239524967457
AGS1997WRNO,2020-02-03-12-11-03,17,1.2631402734959893,Walker ambiguity,0,0.0,0.25,end,60.0133237879827
AGS1997WRNO,2020-02-03-12-11-03,18,1.4994101016300325,Walker ambiguity,0,0.0,-1.0,up,2.118368155515327
AGS1997WRNO,2020-02-03-12-11-03,18,1.4994101016300325,Walker ambiguity,0,0.0,-1.0,down,4.069874704830454
AGS1997WRNO,2020-02-03-12-11-03,18,1.4994101016300325,Walker ambiguity,0,0.0,-1.0,up,5.3541920189131815
AGS1997WRNO,2020-02-03-12-11-03,18,1.4994101016300325,Walker ambiguity,0,0.0,-1.0,down,13.994231427694558
AGS1997WRNO,2020-02-03-12-11-03,18,1.4994101016300325,Walker ambiguity,0,0.0,-1.0,up,21.5334298234784
AGS1997WRNO,2020-02-03-12-11-03,18,1.4994101016300325,Walker ambiguity,0,0.0,-1.0,down,24.802598143321575
AGS1997WRNO,2020-02-03-12-11-03,18,1.4994101016300325,Walker ambiguity,0,0.0,-1.0,up,26.487247968995234
AGS1997WRNO,2020-02-03-12-11-03,18,1.4994101016300325,Walker ambiguity,0,0.0,-1.0,down,30.807263941494057
AGS1997WRNO,2020-02-03-12-11-03,18,1.4994101016300325,Walker ambiguity,0,0.0,-1.0,unclear,48.7211704333381
AGS1997WRNO,2020-02-03-12-11-03,18,1.4994101016300325,Walker ambiguity,0,0.0,-1.0,up,48.787854681363115
AGS1997WRNO,2020-02-03-12-11-03,18,1.4994101016300325,Walker ambiguity,0,0.0,-1.0,unclear,50.8728043645724
AGS1997WRNO,2020-02-03-12-11-03,18,1.4994101016300325,Walker ambiguity,0,0.0,-1.0,down,50.90618271903804
AGS1997WRNO,2020-02-03-12-11-03,18,1.4994101016300325,Walker ambiguity,0,0.0,-1.0,up,54.8926116931998
AGS1997WRNO,2020-02-03-12-11-03,18,1.4994101016300325,Walker ambiguity,0,0.0,-1.0,down,57.16105447100881
AGS1997WRNO,2020-02-03-12-11-03,18,1.4994101016300325,Walker ambiguity,0,0.0,-1.0,up,59.99663569921813
AGS1997WRNO,2020-02-03-12-11-03,18,1.4994101016300325,Walker ambiguity,0,0.0,-1.0,end,60.01320094653238
AGS1997WRNO,2020-02-03-12-11-03,19,0.7687318916080678,Distance,2,0.0,0.0,up,3.6028573232320014
AGS1997WRNO,2020-02-03-12-11-03,19,0.7687318916080678,Distance,2,0.0,0.0,down,5.871248476532855
AGS1997WRNO,2020-02-03-12-11-03,19,0.7687318916080678,Distance,2,0.0,0.0,up,15.545430655690325
AGS1997WRNO,2020-02-03-12-11-03,19,0.7687318916080678,Distance,2,0.0,0.0,down,16.579683827876124
AGS1997WRNO,2020-02-03-12-11-03,19,0.7687318916080678,Distance,2,0.0,0.0,up,21.88368594012718
AGS1997WRNO,2020-02-03-12-11-03,19,0.7687318916080678,Distance,2,0.0,0.0,down,24.085410260899607
AGS1997WRNO,2020-02-03-12-11-03,19,0.7687318916080678,Distance,2,0.0,0.0,up,28.622246368946435
AGS1997WRNO,2020-02-03-12-11-03,19,0.7687318916080678,Distance,2,0.0,0.0,down,32.04157358964767
AGS1997WRNO,2020-02-03-12-11-03,19,0.7687318916080678,Distance,2,0.0,0.0,up,35.17733453956362
AGS1997WRNO,2020-02-03-12-11-03,19,0.7687318916080678,Distance,2,0.0,0.0,unclear,36.61177343558302
AGS1997WRNO,2020-02-03-12-11-03,19,0.7687318916080678,Distance,2,0.0,0.0,down,36.761908079141904
AGS1997WRNO,2020-02-03-12-11-03,19,0.7687318916080678,Distance,2,0.0,0.0,up,39.880984672185605
AGS1997WRNO,2020-02-03-12-11-03,19,0.7687318916080678,Distance,2,0.0,0.0,down,40.648234643963406
AGS1997WRNO,2020-02-03-12-11-03,19,0.7687318916080678,Distance,2,0.0,0.0,up,43.15019932968971
AGS1997WRNO,2020-02-03-12-11-03,19,0.7687318916080678,Distance,2,0.0,0.0,down,49.37168744034807
AGS1997WRNO,2020-02-03-12-11-03,19,0.7687318916080678,Distance,2,0.0,0.0,up,54.1420578959528
AGS1997WRNO,2020-02-03-12-11-03,19,0.7687318916080678,Distance,2,0.0,0.0,down,58.528767757197784
AGS1997WRNO,2020-02-03-12-11-03,19,0.7687318916080678,Distance,2,0.0,0.0,up,59.72986543107845
AGS1997WRNO,2020-02-03-12-11-03,19,0.7687318916080678,Distance,2,0.0,0.0,end,60.013226136804406
AGS1997WRNO,2020-02-03-12-11-03,20,0.9223279858034094,Sphere ambiguity,0,0.25,0.0,up,2.4186187831728603
AGS1997WRNO,2020-02-03-12-11-03,20,0.9223279858034094,Sphere ambiguity,0,0.25,0.0,down,11.89260236346945
AGS1997WRNO,2020-02-03-12-11-03,20,0.9223279858034094,Sphere ambiguity,0,0.25,0.0,unclear,12.009370159230457
AGS1997WRNO,2020-02-03-12-11-03,20,0.9223279858034094,Sphere ambiguity,0,0.25,0.0,end,60.01320934328942
AGS1997WRNO,2020-02-03-12-11-03,21,1.1034697781296026,Control,0,0.0,0.0,up,2.435281370674602
AGS1997WRNO,2020-02-03-12-11-03,21,1.1034697781296026,Control,0,0.0,0.0,down,3.903828828058522
AGS1997WRNO,2020-02-03-12-11-03,21,1.1034697781296026,Control,0,0.0,0.0,unclear,10.491509167859931
AGS1997WRNO,2020-02-03-12-11-03,21,1.1034697781296026,Control,0,0.0,0.0,up,10.524935725932664
AGS1997WRNO,2020-02-03-12-11-03,21,1.1034697781296026,Control,0,0.0,0.0,down,16.162589211659906
AGS1997WRNO,2020-02-03-12-11-03,21,1.1034697781296026,Control,0,0.0,0.0,up,18.431149544072014
AGS1997WRNO,2020-02-03-12-11-03,21,1.1034697781296026,Control,0,0.0,0.0,down,21.850322513230367
AGS1997WRNO,2020-02-03-12-11-03,21,1.1034697781296026,Control,0,0.0,0.0,unclear,24.318950206295995
AGS1997WRNO,2020-02-03-12-11-03,21,1.1034697781296026,Control,0,0.0,0.0,up,24.33558231667803
AGS1997WRNO,2020-02-03-12-11-03,21,1.1034697781296026,Control,0,0.0,0.0,down,29.48958599943353
AGS1997WRNO,2020-02-03-12-11-03,21,1.1034697781296026,Control,0,0.0,0.0,up,41.03187595688087
AGS1997WRNO,2020-02-03-12-11-03,21,1.1034697781296026,Control,0,0.0,0.0,down,57.26116683206237
AGS1997WRNO,2020-02-03-12-11-03,21,1.1034697781296026,Control,0,0.0,0.0,end,60.013289578971126
AGS1997WRNO,2020-02-03-12-11-03,22,0.7023867427532713,Sphere ambiguity,0,0.25,0.0,up,1.7848135002445815
AGS1997WRNO,2020-02-03-12-11-03,22,0.7023867427532713,Sphere ambiguity,0,0.25,0.0,down,11.108699755903217
AGS1997WRNO,2020-02-03-12-11-03,22,0.7023867427532713,Sphere ambiguity,0,0.25,0.0,up,12.493097709955691
AGS1997WRNO,2020-02-03-12-11-03,22,0.7023867427532713,Sphere ambiguity,0,0.25,0.0,unclear,18.53113315484552
AGS1997WRNO,2020-02-03-12-11-03,22,0.7023867427532713,Sphere ambiguity,0,0.25,0.0,down,18.531189444218853
AGS1997WRNO,2020-02-03-12-11-03,22,0.7023867427532713,Sphere ambiguity,0,0.25,0.0,up,20.332518433214773
AGS1997WRNO,2020-02-03-12-11-03,22,0.7023867427532713,Sphere ambiguity,0,0.25,0.0,down,27.037722898921402
AGS1997WRNO,2020-02-03-12-11-03,22,0.7023867427532713,Sphere ambiguity,0,0.25,0.0,up,29.839876636085137
AGS1997WRNO,2020-02-03-12-11-03,22,0.7023867427532713,Sphere ambiguity,0,0.25,0.0,down,33.39278662564493
AGS1997WRNO,2020-02-03-12-11-03,22,0.7023867427532713,Sphere ambiguity,0,0.25,0.0,up,34.71038091112314
AGS1997WRNO,2020-02-03-12-11-03,22,0.7023867427532713,Sphere ambiguity,0,0.25,0.0,down,35.7111565227101
AGS1997WRNO,2020-02-03-12-11-03,22,0.7023867427532713,Sphere ambiguity,0,0.25,0.0,up,36.761998577527265
AGS1997WRNO,2020-02-03-12-11-03,22,0.7023867427532713,Sphere ambiguity,0,0.25,0.0,down,39.83100126355657
AGS1997WRNO,2020-02-03-12-11-03,22,0.7023867427532713,Sphere ambiguity,0,0.25,0.0,up,42.73325803204261
AGS1997WRNO,2020-02-03-12-11-03,22,0.7023867427532713,Sphere ambiguity,0,0.25,0.0,down,48.40430790971459
AGS1997WRNO,2020-02-03-12-11-03,22,0.7023867427532713,Sphere ambiguity,0,0.25,0.0,up,52.12386740960346
AGS1997WRNO,2020-02-03-12-11-03,22,0.7023867427532713,Sphere ambiguity,0,0.25,0.0,down,52.974561246103804
AGS1997WRNO,2020-02-03-12-11-03,22,0.7023867427532713,Sphere ambiguity,0,0.25,0.0,up,53.8918973468426
AGS1997WRNO,2020-02-03-12-11-03,22,0.7023867427532713,Sphere ambiguity,0,0.25,0.0,down,58.51223796285967
AGS1997WRNO,2020-02-03-12-11-03,22,0.7023867427532713,Sphere ambiguity,0,0.25,0.0,end,60.01326501068115
AGS1997WRNO,2020-02-03-12-11-03,23,0.9805643103167809,Distance,4,0.0,0.0,up,3.1191453220576477
AGS1997WRNO,2020-02-03-12-11-03,23,0.9805643103167809,Distance,4,0.0,0.0,down,9.373980377089083
AGS1997WRNO,2020-02-03-12-11-03,23,0.9805643103167809,Distance,4,0.0,0.0,up,11.42573487953905
AGS1997WRNO,2020-02-03-12-11-03,23,0.9805643103167809,Distance,4,0.0,0.0,down,12.159482722427583
AGS1997WRNO,2020-02-03-12-11-03,23,0.9805643103167809,Distance,4,0.0,0.0,up,14.044287297229857
AGS1997WRNO,2020-02-03-12-11-03,23,0.9805643103167809,Distance,4,0.0,0.0,unclear,14.828216961014277
AGS1997WRNO,2020-02-03-12-11-03,23,0.9805643103167809,Distance,4,0.0,0.0,down,14.828271384441905
AGS1997WRNO,2020-02-03-12-11-03,23,0.9805643103167809,Distance,4,0.0,0.0,unclear,16.74638993856979
AGS1997WRNO,2020-02-03-12-11-03,23,0.9805643103167809,Distance,4,0.0,0.0,down,17.597008204254053
AGS1997WRNO,2020-02-03-12-11-03,23,0.9805643103167809,Distance,4,0.0,0.0,up,20.032248835105293
AGS1997WRNO,2020-02-03-12-11-03,23,0.9805643103167809,Distance,4,0.0,0.0,down,23.284868079167154
AGS1997WRNO,2020-02-03-12-11-03,23,0.9805643103167809,Distance,4,0.0,0.0,up,24.3522427272419
AGS1997WRNO,2020-02-03-12-11-03,23,0.9805643103167809,Distance,4,0.0,0.0,down,26.13697972369664
AGS1997WRNO,2020-02-03-12-11-03,23,0.9805643103167809,Distance,4,0.0,0.0,up,27.254518155188634
AGS1997WRNO,2020-02-03-12-11-03,23,0.9805643103167809,Distance,4,0.0,0.0,down,28.972509016407002
AGS1997WRNO,2020-02-03-12-11-03,23,0.9805643103167809,Distance,4,0.0,0.0,up,30.140130373652482
AGS1997WRNO,2020-02-03-12-11-03,23,0.9805643103167809,Distance,4,0.0,0.0,down,31.50782842128183
AGS1997WRNO,2020-02-03-12-11-03,23,0.9805643103167809,Distance,4,0.0,0.0,up,32.70880200974807
AGS1997WRNO,2020-02-03-12-11-03,23,0.9805643103167809,Distance,4,0.0,0.0,down,34.47685744825003
AGS1997WRNO,2020-02-03-12-11-03,23,0.9805643103167809,Distance,4,0.0,0.0,up,35.42751934597345
AGS1997WRNO,2020-02-03-12-11-03,23,0.9805643103167809,Distance,4,0.0,0.0,down,37.49581670438465
AGS1997WRNO,2020-02-03-12-11-03,23,0.9805643103167809,Distance,4,0.0,0.0,up,39.11376331158135
AGS1997WRNO,2020-02-03-12-11-03,23,0.9805643103167809,Distance,4,0.0,0.0,down,40.14783704195315
AGS1997WRNO,2020-02-03-12-11-03,23,0.9805643103167809,Distance,4,0.0,0.0,up,41.21561131347971
AGS1997WRNO,2020-02-03-12-11-03,23,0.9805643103167809,Distance,4,0.0,0.0,down,43.60055163585912
AGS1997WRNO,2020-02-03-12-11-03,23,0.9805643103167809,Distance,4,0.0,0.0,up,46.035756813735134
AGS1997WRNO,2020-02-03-12-11-03,23,0.9805643103167809,Distance,4,0.0,0.0,down,47.670374094199815
AGS1997WRNO,2020-02-03-12-11-03,23,0.9805643103167809,Distance,4,0.0,0.0,up,49.13878720346611
AGS1997WRNO,2020-02-03-12-11-03,23,0.9805643103167809,Distance,4,0.0,0.0,down,50.605949817867895
AGS1997WRNO,2020-02-03-12-11-03,23,0.9805643103167809,Distance,4,0.0,0.0,up,53.14130343175475
AGS1997WRNO,2020-02-03-12-11-03,23,0.9805643103167809,Distance,4,0.0,0.0,down,56.11023760646367
AGS1997WRNO,2020-02-03-12-11-03,23,0.9805643103167809,Distance,4,0.0,0.0,up,57.6114123750167
AGS1997WRNO,2020-02-03-12-11-03,23,0.9805643103167809,Distance,4,0.0,0.0,end,60.01328864599782
AGS1997WRNO,2020-02-03-12-11-03,24,1.3747888534415504,Walker ambiguity,0,0.0,1.0,up,2.468626449101521
AGS1997WRNO,2020-02-03-12-11-03,24,1.3747888534415504,Walker ambiguity,0,0.0,1.0,down,9.057130293105729
AGS1997WRNO,2020-02-03-12-11-03,24,1.3747888534415504,Walker ambiguity,0,0.0,1.0,up,10.908511108754283
AGS1997WRNO,2020-02-03-12-11-03,24,1.3747888534415504,Walker ambiguity,0,0.0,1.0,down,15.595452627205304
AGS1997WRNO,2020-02-03-12-11-03,24,1.3747888534415504,Walker ambiguity,0,0.0,1.0,up,17.296791163625585
AGS1997WRNO,2020-02-03-12-11-03,24,1.3747888534415504,Walker ambiguity,0,0.0,1.0,down,20.33252962889128
AGS1997WRNO,2020-02-03-12-11-03,24,1.3747888534415504,Walker ambiguity,0,0.0,1.0,up,22.05056682777058
AGS1997WRNO,2020-02-03-12-11-03,24,1.3747888534415504,Walker ambiguity,0,0.0,1.0,down,27.5547554102327
AGS1997WRNO,2020-02-03-12-11-03,24,1.3747888534415504,Walker ambiguity,0,0.0,1.0,up,29.239428249241882
AGS1997WRNO,2020-02-03-12-11-03,24,1.3747888534415504,Walker ambiguity,0,0.0,1.0,unclear,31.441157545870283
AGS1997WRNO,2020-02-03-12-11-03,24,1.3747888534415504,Walker ambiguity,0,0.0,1.0,down,31.45779245517133
AGS1997WRNO,2020-02-03-12-11-03,24,1.3747888534415504,Walker ambiguity,0,0.0,1.0,up,35.46094652602824
AGS1997WRNO,2020-02-03-12-11-03,24,1.3747888534415504,Walker ambiguity,0,0.0,1.0,down,37.178898202378605
AGS1997WRNO,2020-02-03-12-11-03,24,1.3747888534415504,Walker ambiguity,0,0.0,1.0,up,38.513309326900526
AGS1997WRNO,2020-02-03-12-11-03,24,1.3747888534415504,Walker ambiguity,0,0.0,1.0,down,39.73084505277029
AGS1997WRNO,2020-02-03-12-11-03,24,1.3747888534415504,Walker ambiguity,0,0.0,1.0,up,41.43220660252564
AGS1997WRNO,2020-02-03-12-11-03,24,1.3747888534415504,Walker ambiguity,0,0.0,1.0,down,43.050113402873194
AGS1997WRNO,2020-02-03-12-11-03,24,1.3747888534415504,Walker ambiguity,0,0.0,1.0,up,45.03499364178879
AGS1997WRNO,2020-02-03-12-11-03,24,1.3747888534415504,Walker ambiguity,0,0.0,1.0,down,46.836387005924735
AGS1997WRNO,2020-02-03-12-11-03,24,1.3747888534415504,Walker ambiguity,0,0.0,1.0,up,48.237497617031295
AGS1997WRNO,2020-02-03-12-11-03,24,1.3747888534415504,Walker ambiguity,0,0.0,1.0,down,53.47486492882808
AGS1997WRNO,2020-02-03-12-11-03,24,1.3747888534415504,Walker ambiguity,0,0.0,1.0,up,54.775885881225804
AGS1997WRNO,2020-02-03-12-11-03,24,1.3747888534415504,Walker ambiguity,0,0.0,1.0,end,60.01329206689934
AGS1997WRNO,2020-02-03-12-11-03,25,1.289038620020675,Walker ambiguity,0,0.0,0.25,up,1.334455907227948
AGS1997WRNO,2020-02-03-12-11-03,25,1.289038620020675,Walker ambiguity,0,0.0,0.25,down,6.438367334499162
AGS1997WRNO,2020-02-03-12-11-03,25,1.289038620020675,Walker ambiguity,0,0.0,0.25,up,9.290590313811663
AGS1997WRNO,2020-02-03-12-11-03,25,1.289038620020675,Walker ambiguity,0,0.0,0.25,down,13.977670845245484
AGS1997WRNO,2020-02-03-12-11-03,25,1.289038620020675,Walker ambiguity,0,0.0,0.25,up,14.811503681978138
AGS1997WRNO,2020-02-03-12-11-03,25,1.289038620020675,Walker ambiguity,0,0.0,0.25,down,16.39616461003152
AGS1997WRNO,2020-02-03-12-11-03,25,1.289038620020675,Walker ambiguity,0,0.0,0.25,up,17.93070342746296
AGS1997WRNO,2020-02-03-12-11-03,25,1.289038620020675,Walker ambiguity,0,0.0,0.25,down,19.91557060475634
AGS1997WRNO,2020-02-03-12-11-03,25,1.289038620020675,Walker ambiguity,0,0.0,0.25,up,20.933005693934774
AGS1997WRNO,2020-02-03-12-11-03,25,1.289038620020675,Walker ambiguity,0,0.0,0.25,down,22.283986419644407
AGS1997WRNO,2020-02-03-12-11-03,25,1.289038620020675,Walker ambiguity,0,0.0,0.25,up,25.00280296200299
AGS1997WRNO,2020-02-03-12-11-03,25,1.289038620020675,Walker ambiguity,0,0.0,0.25,down,27.054366826961996
AGS1997WRNO,2020-02-03-12-11-03,25,1.289038620020675,Walker ambiguity,0,0.0,0.25,up,28.522148313480102
AGS1997WRNO,2020-02-03-12-11-03,25,1.289038620020675,Walker ambiguity,0,0.0,0.25,down,30.056686819921197
AGS1997WRNO,2020-02-03-12-11-03,25,1.289038620020675,Walker ambiguity,0,0.0,0.25,up,32.89240675012206
AGS1997WRNO,2020-02-03-12-11-03,25,1.289038620020675,Walker ambiguity,0,0.0,0.25,unclear,32.95895198516473
AGS1997WRNO,2020-02-03-12-11-03,25,1.289038620020675,Walker ambiguity,0,0.0,0.25,up,37.779338503455165
AGS1997WRNO,2020-02-03-12-11-03,25,1.289038620020675,Walker ambiguity,0,0.0,0.25,down,43.333650129512534
AGS1997WRNO,2020-02-03-12-11-03,25,1.289038620020675,Walker ambiguity,0,0.0,0.25,up,48.12071986955789
AGS1997WRNO,2020-02-03-12-11-03,25,1.289038620020675,Walker ambiguity,0,0.0,0.25,down,56.37709992794362
AGS1997WRNO,2020-02-03-12-11-03,25,1.289038620020675,Walker ambiguity,0,0.0,0.25,up,58.04513381476818
AGS1997WRNO,2020-02-03-12-11-03,25,1.289038620020675,Walker ambiguity,0,0.0,0.25,down,58.84569185704231
AGS1997WRNO,2020-02-03-12-11-03,25,1.289038620020675,Walker ambiguity,0,0.0,0.25,end,60.013208410316565
AGS1997WRNO,2020-02-03-12-11-03,26,1.0915177587953555,Sphere ambiguity,0,-1.0,0.0,down,3.969789399995534
AGS1997WRNO,2020-02-03-12-11-03,26,1.0915177587953555,Sphere ambiguity,0,-1.0,0.0,end,60.01329268888139
AGS1997WRNO,2020-02-03-12-11-03,27,1.3283793125172634,Sphere ambiguity,0,-1.0,0.0,down,2.3685694444484398
AGS1997WRNO,2020-02-03-12-11-03,27,1.3283793125172634,Sphere ambiguity,0,-1.0,0.0,end,60.013293932845045
AGS1997WRNO,2020-02-03-12-11-03,28,1.340716812341043,Walker ambiguity,0,0.0,0.25,down,3.285906478160541
AGS1997WRNO,2020-02-03-12-11-03,28,1.340716812341043,Walker ambiguity,0,0.0,0.25,up,17.1633713540582
AGS1997WRNO,2020-02-03-12-11-03,28,1.340716812341043,Walker ambiguity,0,0.0,0.25,down,25.219626829443314
AGS1997WRNO,2020-02-03-12-11-03,28,1.340716812341043,Walker ambiguity,0,0.0,0.25,up,29.506238324231163
AGS1997WRNO,2020-02-03-12-11-03,28,1.340716812341043,Walker ambiguity,0,0.0,0.25,down,35.277400873947045
AGS1997WRNO,2020-02-03-12-11-03,28,1.340716812341043,Walker ambiguity,0,0.0,0.25,up,40.7149636746949
AGS1997WRNO,2020-02-03-12-11-03,28,1.340716812341043,Walker ambiguity,0,0.0,0.25,down,42.88345331884966
AGS1997WRNO,2020-02-03-12-11-03,28,1.340716812341043,Walker ambiguity,0,0.0,0.25,up,44.100989977692734
AGS1997WRNO,2020-02-03-12-11-03,28,1.340716812341043,Walker ambiguity,0,0.0,0.25,down,49.50511813460116
AGS1997WRNO,2020-02-03-12-11-03,28,1.340716812341043,Walker ambiguity,0,0.0,0.25,up,52.95784112526508
AGS1997WRNO,2020-02-03-12-11-03,28,1.340716812341043,Walker ambiguity,0,0.0,0.25,down,56.16028103635881
AGS1997WRNO,2020-02-03-12-11-03,28,1.340716812341043,Walker ambiguity,0,0.0,0.25,up,57.66144865211845
AGS1997WRNO,2020-02-03-12-11-03,28,1.340716812341043,Walker ambiguity,0,0.0,0.25,down,59.74639367046211
AGS1997WRNO,2020-02-03-12-11-03,28,1.340716812341043,Walker ambiguity,0,0.0,0.25,end,60.013214630136645
AGS1997WRNO,2020-02-03-12-11-03,29,1.4913363552394352,Walker ambiguity,0,0.0,1.0,down,4.153266945044834
AGS1997WRNO,2020-02-03-12-11-03,29,1.4913363552394352,Walker ambiguity,0,0.0,1.0,up,22.2172645417063
AGS1997WRNO,2020-02-03-12-11-03,29,1.4913363552394352,Walker ambiguity,0,0.0,1.0,down,23.55163430442326
AGS1997WRNO,2020-02-03-12-11-03,29,1.4913363552394352,Walker ambiguity,0,0.0,1.0,up,29.322828575222502
AGS1997WRNO,2020-02-03-12-11-03,29,1.4913363552394352,Walker ambiguity,0,0.0,1.0,down,30.340265841337896
AGS1997WRNO,2020-02-03-12-11-03,29,1.4913363552394352,Walker ambiguity,0,0.0,1.0,up,34.026441388923104
AGS1997WRNO,2020-02-03-12-11-03,29,1.4913363552394352,Walker ambiguity,0,0.0,1.0,down,35.64433574962959
AGS1997WRNO,2020-02-03-12-11-03,29,1.4913363552394352,Walker ambiguity,0,0.0,1.0,up,40.69824604178393
AGS1997WRNO,2020-02-03-12-11-03,29,1.4913363552394352,Walker ambiguity,0,0.0,1.0,down,41.89925166232479
AGS1997WRNO,2020-02-03-12-11-03,29,1.4913363552394352,Walker ambiguity,0,0.0,1.0,up,56.877504371756004
AGS1997WRNO,2020-02-03-12-11-03,29,1.4913363552394352,Walker ambiguity,0,0.0,1.0,down,58.39534701465709
AGS1997WRNO,2020-02-03-12-11-03,29,1.4913363552394352,Walker ambiguity,0,0.0,1.0,end,60.01329517680915
AGS1997WRNO,2020-02-03-12-11-03,30,1.4015964333512752,Distance,4,0.0,0.0,down,2.4186324667775807
AGS1997WRNO,2020-02-03-12-11-03,30,1.4015964333512752,Distance,4,0.0,0.0,up,3.702904376172228
AGS1997WRNO,2020-02-03-12-11-03,30,1.4015964333512752,Distance,4,0.0,0.0,down,39.013631047103445
AGS1997WRNO,2020-02-03-12-11-03,30,1.4015964333512752,Distance,4,0.0,0.0,up,40.48148717146523
AGS1997WRNO,2020-02-03-12-11-03,30,1.4015964333512752,Distance,4,0.0,0.0,down,45.486076154857074
AGS1997WRNO,2020-02-03-12-11-03,30,1.4015964333512752,Distance,4,0.0,0.0,up,46.86971622381043
AGS1997WRNO,2020-02-03-12-11-03,30,1.4015964333512752,Distance,4,0.0,0.0,down,49.20491104568555
AGS1997WRNO,2020-02-03-12-11-03,30,1.4015964333512752,Distance,4,0.0,0.0,up,50.15561026233081
AGS1997WRNO,2020-02-03-12-11-03,30,1.4015964333512752,Distance,4,0.0,0.0,end,60.01321183121763
AGS1997WRNO,2020-02-03-12-11-03,31,1.3441006935514908,Sphere ambiguity,0,0.25,0.0,up,0.6505462401655677
AGS1997WRNO,2020-02-03-12-11-03,31,1.3441006935514908,Sphere ambiguity,0,0.25,0.0,end,60.01323702148966
AGS1997WRNO,2020-02-03-12-11-03,32,1.270778481782386,Control,0,0.0,0.0,up,0.88407841078606
AGS1997WRNO,2020-02-03-12-11-03,32,1.270778481782386,Control,0,0.0,0.0,down,23.735122423167923
AGS1997WRNO,2020-02-03-12-11-03,32,1.270778481782386,Control,0,0.0,0.0,up,28.789098956407543
AGS1997WRNO,2020-02-03-12-11-03,32,1.270778481782386,Control,0,0.0,0.0,down,29.58965544372677
AGS1997WRNO,2020-02-03-12-11-03,32,1.270778481782386,Control,0,0.0,0.0,up,31.74133166973934
AGS1997WRNO,2020-02-03-12-11-03,32,1.270778481782386,Control,0,0.0,0.0,down,34.81052281632219
AGS1997WRNO,2020-02-03-12-11-03,32,1.270778481782386,Control,0,0.0,0.0,up,38.129620432358934
AGS1997WRNO,2020-02-03-12-11-03,32,1.270778481782386,Control,0,0.0,0.0,down,39.11380063050365
AGS1997WRNO,2020-02-03-12-11-03,32,1.270778481782386,Control,0,0.0,0.0,up,41.632388407871986
AGS1997WRNO,2020-02-03-12-11-03,32,1.270778481782386,Control,0,0.0,0.0,down,57.62811508035884
AGS1997WRNO,2020-02-03-12-11-03,32,1.270778481782386,Control,0,0.0,0.0,up,59.69697284457561
AGS1997WRNO,2020-02-03-12-11-03,32,1.270778481782386,Control,0,0.0,0.0,end,60.01320996527102
AGS1997WRNO,2020-02-03-12-11-03,33,1.0467767827576138,Sphere ambiguity,0,0.25,0.0,up,1.551259871243019
AGS1997WRNO,2020-02-03-12-11-03,33,1.0467767827576138,Sphere ambiguity,0,0.25,0.0,down,5.721192513699862
AGS1997WRNO,2020-02-03-12-11-03,33,1.0467767827576138,Sphere ambiguity,0,0.25,0.0,up,7.289137363797636
AGS1997WRNO,2020-02-03-12-11-03,33,1.0467767827576138,Sphere ambiguity,0,0.25,0.0,down,10.925186135896183
AGS1997WRNO,2020-02-03-12-11-03,33,1.0467767827576138,Sphere ambiguity,0,0.25,0.0,up,13.36046968350729
AGS1997WRNO,2020-02-03-12-11-03,33,1.0467767827576138,Sphere ambiguity,0,0.25,0.0,down,14.227742450926598
AGS1997WRNO,2020-02-03-12-11-03,33,1.0467767827576138,Sphere ambiguity,0,0.25,0.0,up,18.0808775668811
AGS1997WRNO,2020-02-03-12-11-03,33,1.0467767827576138,Sphere ambiguity,0,0.25,0.0,down,22.250702295455994
AGS1997WRNO,2020-02-03-12-11-03,33,1.0467767827576138,Sphere ambiguity,0,0.25,0.0,up,24.16879939120372
AGS1997WRNO,2020-02-03-12-11-03,33,1.0467767827576138,Sphere ambiguity,0,0.25,0.0,down,27.154491005673663
AGS1997WRNO,2020-02-03-12-11-03,33,1.0467767827576138,Sphere ambiguity,0,0.25,0.0,up,30.22404134687713
AGS1997WRNO,2020-02-03-12-11-03,33,1.0467767827576138,Sphere ambiguity,0,0.25,0.0,down,32.80882822629064
AGS1997WRNO,2020-02-03-12-11-03,33,1.0467767827576138,Sphere ambiguity,0,0.25,0.0,up,37.17889104958522
AGS1997WRNO,2020-02-03-12-11-03,33,1.0467767827576138,Sphere ambiguity,0,0.25,0.0,down,41.38221759605767
AGS1997WRNO,2020-02-03-12-11-03,33,1.0467767827576138,Sphere ambiguity,0,0.25,0.0,up,47.27006770585376
AGS1997WRNO,2020-02-03-12-11-03,33,1.0467767827576138,Sphere ambiguity,0,0.25,0.0,down,56.9275484236332
AGS1997WRNO,2020-02-03-12-11-03,33,1.0467767827576138,Sphere ambiguity,0,0.25,0.0,up,58.52877988584714
AGS1997WRNO,2020-02-03-12-11-03,33,1.0467767827576138,Sphere ambiguity,0,0.25,0.0,down,59.39617362877016
AGS1997WRNO,2020-02-03-12-11-03,33,1.0467767827576138,Sphere ambiguity,0,0.25,0.0,end,60.01328024924078
AGS1997WRNO,2020-02-03-12-11-03,34,0.741467129172074,Distance,2,0.0,0.0,up,1.4511898049677256
AGS1997WRNO,2020-02-03-12-11-03,34,0.741467129172074,Distance,2,0.0,0.0,down,8.173046906463242
AGS1997WRNO,2020-02-03-12-11-03,34,0.741467129172074,Distance,2,0.0,0.0,unclear,25.2029387406792
AGS1997WRNO,2020-02-03-12-11-03,34,0.741467129172074,Distance,2,0.0,0.0,up,25.20299471906128
AGS1997WRNO,2020-02-03-12-11-03,34,0.741467129172074,Distance,2,0.0,0.0,down,29.0725909003404
AGS1997WRNO,2020-02-03-12-11-03,34,0.741467129172074,Distance,2,0.0,0.0,up,34.71032555472175
AGS1997WRNO,2020-02-03-12-11-03,34,0.741467129172074,Distance,2,0.0,0.0,down,42.49974980772913
AGS1997WRNO,2020-02-03-12-11-03,34,0.741467129172074,Distance,2,0.0,0.0,up,58.2619085456281
AGS1997WRNO,2020-02-03-12-11-03,34,0.741467129172074,Distance,2,0.0,0.0,down,59.94658698247531
AGS1997WRNO,2020-02-03-12-11-03,34,0.741467129172074,Distance,2,0.0,0.0,end,60.01321183121763
AGS1997WRNO,2020-02-03-12-11-03,35,1.4883696224132217,Walker ambiguity,0,0.0,-1.0,down,1.4345157107991326
AGS1997WRNO,2020-02-03-12-11-03,35,1.4883696224132217,Walker ambiguity,0,0.0,-1.0,up,5.320869331839276
AGS1997WRNO,2020-02-03-12-11-03,35,1.4883696224132217,Walker ambiguity,0,0.0,-1.0,down,8.473282295561148
AGS1997WRNO,2020-02-03-12-11-03,35,1.4883696224132217,Walker ambiguity,0,0.0,-1.0,up,11.091974970198862
AGS1997WRNO,2020-02-03-12-11-03,35,1.4883696224132217,Walker ambiguity,0,0.0,-1.0,down,13.37708966523951
AGS1997WRNO,2020-02-03-12-11-03,35,1.4883696224132217,Walker ambiguity,0,0.0,-1.0,up,17.113972297542205
AGS1997WRNO,2020-02-03-12-11-03,35,1.4883696224132217,Walker ambiguity,0,0.0,-1.0,down,25.636566572135962
AGS1997WRNO,2020-02-03-12-11-03,35,1.4883696224132217,Walker ambiguity,0,0.0,-1.0,unclear,38.29651375964204
AGS1997WRNO,2020-02-03-12-11-03,35,1.4883696224132217,Walker ambiguity,0,0.0,-1.0,up,38.32978451121653
AGS1997WRNO,2020-02-03-12-11-03,35,1.4883696224132217,Walker ambiguity,0,0.0,-1.0,down,52.30736237014935
AGS1997WRNO,2020-02-03-12-11-03,35,1.4883696224132217,Walker ambiguity,0,0.0,-1.0,up,58.612195450387844
AGS1997WRNO,2020-02-03-12-11-03,35,1.4883696224132217,Walker ambiguity,0,0.0,-1.0,end,60.013214630137554
AGS1997WRNO,2020-02-03-12-11-03,36,1.4327548471145548,Walker ambiguity,0,0.0,0.25,up,0.8173580878037683
AGS1997WRNO,2020-02-03-12-11-03,36,1.4327548471145548,Walker ambiguity,0,0.0,0.25,down,3.369333860359802
AGS1997WRNO,2020-02-03-12-11-03,36,1.4327548471145548,Walker ambiguity,0,0.0,0.25,unclear,17.12998709076328
AGS1997WRNO,2020-02-03-12-11-03,36,1.4327548471145548,Walker ambiguity,0,0.0,0.25,up,17.146712809440032
AGS1997WRNO,2020-02-03-12-11-03,36,1.4327548471145548,Walker ambiguity,0,0.0,0.25,down,18.247547602616578
AGS1997WRNO,2020-02-03-12-11-03,36,1.4327548471145548,Walker ambiguity,0,0.0,0.25,up,19.648606900206687
AGS1997WRNO,2020-02-03-12-11-03,36,1.4327548471145548,Walker ambiguity,0,0.0,0.25,down,27.554743903565395
AGS1997WRNO,2020-02-03-12-11-03,36,1.4327548471145548,Walker ambiguity,0,0.0,0.25,up,29.773180881392364
AGS1997WRNO,2020-02-03-12-11-03,36,1.4327548471145548,Walker ambiguity,0,0.0,0.25,down,33.342590810153524
AGS1997WRNO,2020-02-03-12-11-03,36,1.4327548471145548,Walker ambiguity,0,0.0,0.25,up,37.27895427405838
AGS1997WRNO,2020-02-03-12-11-03,36,1.4327548471145548,Walker ambiguity,0,0.0,0.25,down,40.14788493456945
AGS1997WRNO,2020-02-03-12-11-03,36,1.4327548471145548,Walker ambiguity,0,0.0,0.25,up,41.63234020426535
AGS1997WRNO,2020-02-03-12-11-03,36,1.4327548471145548,Walker ambiguity,0,0.0,0.25,down,44.41784628149617
AGS1997WRNO,2020-02-03-12-11-03,36,1.4327548471145548,Walker ambiguity,0,0.0,0.25,up,47.00321378113131
AGS1997WRNO,2020-02-03-12-11-03,36,1.4327548471145548,Walker ambiguity,0,0.0,0.25,down,50.17229866208527
AGS1997WRNO,2020-02-03-12-11-03,36,1.4327548471145548,Walker ambiguity,0,0.0,0.25,unclear,50.47251570271328
AGS1997WRNO,2020-02-03-12-11-03,36,1.4327548471145548,Walker ambiguity,0,0.0,0.25,up,50.48928589310526
AGS1997WRNO,2020-02-03-12-11-03,36,1.4327548471145548,Walker ambiguity,0,0.0,0.25,end,60.013206855362114
AGS1997WRNO,2020-02-03-12-11-03,37,1.315649379079811,Distance,1,0.0,0.0,up,3.0190329610049957
AGS1997WRNO,2020-02-03-12-11-03,37,1.315649379079811,Distance,1,0.0,0.0,down,16.029119332539267
AGS1997WRNO,2020-02-03-12-11-03,37,1.315649379079811,Distance,1,0.0,0.0,up,30.773921661985696
AGS1997WRNO,2020-02-03-12-11-03,37,1.315649379079811,Distance,1,0.0,0.0,down,35.24401723263418
AGS1997WRNO,2020-02-03-12-11-03,37,1.315649379079811,Distance,1,0.0,0.0,up,41.6323106601194
AGS1997WRNO,2020-02-03-12-11-03,37,1.315649379079811,Distance,1,0.0,0.0,down,51.52333878707941
AGS1997WRNO,2020-02-03-12-11-03,37,1.315649379079811,Distance,1,0.0,0.0,up,53.20849677206934
AGS1997WRNO,2020-02-03-12-11-03,37,1.315649379079811,Distance,1,0.0,0.0,down,54.976019793956766
AGS1997WRNO,2020-02-03-12-11-03,37,1.315649379079811,Distance,1,0.0,0.0,up,56.47715320070438
AGS1997WRNO,2020-02-03-12-11-03,37,1.315649379079811,Distance,1,0.0,0.0,down,58.61217647993635
AGS1997WRNO,2020-02-03-12-11-03,37,1.315649379079811,Distance,1,0.0,0.0,unclear,59.396074733628666
AGS1997WRNO,2020-02-03-12-11-03,37,1.315649379079811,Distance,1,0.0,0.0,up,59.39612884606504
AGS1997WRNO,2020-02-03-12-11-03,37,1.315649379079811,Distance,1,0.0,0.0,end,60.013186640945605
AGS1997WRNO,2020-02-03-12-11-03,38,0.9382636781904334,Sphere ambiguity,0,1.0,0.0,up,2.6187159989631255
AGS1997WRNO,2020-02-03-12-11-03,38,0.9382636781904334,Sphere ambiguity,0,1.0,0.0,end,60.013210276262726
AGS1997WRNO,2020-02-03-12-11-03,39,0.7448075653882746,Distance,3,0.0,0.0,up,2.5020091574415346
AGS1997WRNO,2020-02-03-12-11-03,39,0.7448075653882746,Distance,3,0.0,0.0,down,7.656010041278023
AGS1997WRNO,2020-02-03-12-11-03,39,0.7448075653882746,Distance,3,0.0,0.0,up,12.659871305699198
AGS1997WRNO,2020-02-03-12-11-03,39,0.7448075653882746,Distance,3,0.0,0.0,down,38.26304677273765
AGS1997WRNO,2020-02-03-12-11-03,39,0.7448075653882746,Distance,3,0.0,0.0,unclear,40.614907603015126
AGS1997WRNO,2020-02-03-12-11-03,39,0.7448075653882746,Distance,3,0.0,0.0,up,40.64825579135231
AGS1997WRNO,2020-02-03-12-11-03,39,0.7448075653882746,Distance,3,0.0,0.0,down,43.26693851427808
AGS1997WRNO,2020-02-03-12-11-03,39,0.7448075653882746,Distance,3,0.0,0.0,up,45.55213220103633
AGS1997WRNO,2020-02-03-12-11-03,39,0.7448075653882746,Distance,3,0.0,0.0,end,60.013274651401844
AGS1997WRNO,2020-02-03-12-11-03,40,1.2133175014870354,Distance,4,0.0,0.0,up,3.9531268124937924
AGS1997WRNO,2020-02-03-12-11-03,40,1.2133175014870354,Distance,4,0.0,0.0,down,10.524876015657355
AGS1997WRNO,2020-02-03-12-11-03,40,1.2133175014870354,Distance,4,0.0,0.0,up,12.37639957618103
AGS1997WRNO,2020-02-03-12-11-03,40,1.2133175014870354,Distance,4,0.0,0.0,down,53.77515816225423
AGS1997WRNO,2020-02-03-12-11-03,40,1.2133175014870354,Distance,4,0.0,0.0,up,58.04510706954079
AGS1997WRNO,2020-02-03-12-11-03,40,1.2133175014870354,Distance,4,0.0,0.0,down,58.82908275999489
AGS1997WRNO,2020-02-03-12-11-03,40,1.2133175014870354,Distance,4,0.0,0.0,end,60.01338163231139
AGS1997WRNO,2020-02-03-12-11-03,41,1.393261165697296,Distance,2,0.0,0.0,down,1.6346524224491077
AGS1997WRNO,2020-02-03-12-11-03,41,1.393261165697296,Distance,2,0.0,0.0,up,9.090419704141823
AGS1997WRNO,2020-02-03-12-11-03,41,1.393261165697296,Distance,2,0.0,0.0,unclear,10.94184716844211
AGS1997WRNO,2020-02-03-12-11-03,41,1.393261165697296,Distance,2,0.0,0.0,down,10.95850602405153
AGS1997WRNO,2020-02-03-12-11-03,41,1.393261165697296,Distance,2,0.0,0.0,up,15.395329288169705
AGS1997WRNO,2020-02-03-12-11-03,41,1.393261165697296,Distance,2,0.0,0.0,down,32.375148148344124
AGS1997WRNO,2020-02-03-12-11-03,41,1.393261165697296,Distance,2,0.0,0.0,up,34.61026948304243
AGS1997WRNO,2020-02-03-12-11-03,41,1.393261165697296,Distance,2,0.0,0.0,down,39.49735082305324
AGS1997WRNO,2020-02-03-12-11-03,41,1.393261165697296,Distance,2,0.0,0.0,up,42.83335733147305
AGS1997WRNO,2020-02-03-12-11-03,41,1.393261165697296,Distance,2,0.0,0.0,down,44.28440843444969
AGS1997WRNO,2020-02-03-12-11-03,41,1.393261165697296,Distance,2,0.0,0.0,up,45.23517980100951
AGS1997WRNO,2020-02-03-12-11-03,41,1.393261165697296,Distance,2,0.0,0.0,down,48.08733405130806
AGS1997WRNO,2020-02-03-12-11-03,41,1.393261165697296,Distance,2,0.0,0.0,up,52.107173723000415
AGS1997WRNO,2020-02-03-12-11-03,41,1.393261165697296,Distance,2,0.0,0.0,down,56.427180676760145
AGS1997WRNO,2020-02-03-12-11-03,41,1.393261165697296,Distance,2,0.0,0.0,end,60.013186329954806
AGS1997WRNO,2020-02-03-12-11-03,42,0.8954315262053082,Control,0,0.0,0.0,down,2.0683321894048277
AGS1997WRNO,2020-02-03-12-11-03,42,0.8954315262053082,Control,0,0.0,0.0,up,3.8030444154255747
AGS1997WRNO,2020-02-03-12-11-03,42,0.8954315262053082,Control,0,0.0,0.0,down,13.994284918147969
AGS1997WRNO,2020-02-03-12-11-03,42,0.8954315262053082,Control,0,0.0,0.0,up,31.707981615454628
AGS1997WRNO,2020-02-03-12-11-03,42,0.8954315262053082,Control,0,0.0,0.0,down,34.61028036772768
AGS1997WRNO,2020-02-03-12-11-03,42,0.8954315262053082,Control,0,0.0,0.0,up,36.69524342355089
AGS1997WRNO,2020-02-03-12-11-03,42,0.8954315262053082,Control,0,0.0,0.0,down,38.86356668751341
AGS1997WRNO,2020-02-03-12-11-03,42,0.8954315262053082,Control,0,0.0,0.0,unclear,41.298752894937024
AGS1997WRNO,2020-02-03-12-11-03,42,0.8954315262053082,Control,0,0.0,0.0,up,41.31544689253042
AGS1997WRNO,2020-02-03-12-11-03,42,0.8954315262053082,Control,0,0.0,0.0,down,43.86746993572069
AGS1997WRNO,2020-02-03-12-11-03,42,0.8954315262053082,Control,0,0.0,0.0,unclear,49.95545924509406
AGS1997WRNO,2020-02-03-12-11-03,42,0.8954315262053082,Control,0,0.0,0.0,up,49.95551429050283
AGS1997WRNO,2020-02-03-12-11-03,42,0.8954315262053082,Control,0,0.0,0.0,down,52.624245108188916
AGS1997WRNO,2020-02-03-12-11-03,42,0.8954315262053082,Control,0,0.0,0.0,up,55.05941732101746
AGS1997WRNO,2020-02-03-12-11-03,42,0.8954315262053082,Control,0,0.0,0.0,down,59.663025998537705
AGS1997WRNO,2020-02-03-12-11-03,42,0.8954315262053082,Control,0,0.0,0.0,end,60.013214630136645
AGS1997WRNO,2020-02-03-12-11-03,43,1.181338162778379,Sphere ambiguity,0,0.25,0.0,down,0.8173674175332053
AGS1997WRNO,2020-02-03-12-11-03,43,1.181338162778379,Sphere ambiguity,0,0.25,0.0,up,2.168419360185908
AGS1997WRNO,2020-02-03-12-11-03,43,1.181338162778379,Sphere ambiguity,0,0.25,0.0,down,8.506724403185217
AGS1997WRNO,2020-02-03-12-11-03,43,1.181338162778379,Sphere ambiguity,0,0.25,0.0,up,9.674252152135523
AGS1997WRNO,2020-02-03-12-11-03,43,1.181338162778379,Sphere ambiguity,0,0.25,0.0,down,11.775902052758283
AGS1997WRNO,2020-02-03-12-11-03,43,1.181338162778379,Sphere ambiguity,0,0.25,0.0,up,15.962467427578304
AGS1997WRNO,2020-02-03-12-11-03,43,1.181338162778379,Sphere ambiguity,0,0.25,0.0,down,27.07111991284819
AGS1997WRNO,2020-02-03-12-11-03,43,1.181338162778379,Sphere ambiguity,0,0.25,0.0,up,30.09018272898993
AGS1997WRNO,2020-02-03-12-11-03,43,1.181338162778379,Sphere ambiguity,0,0.25,0.0,down,47.77047650354052
AGS1997WRNO,2020-02-03-12-11-03,43,1.181338162778379,Sphere ambiguity,0,0.25,0.0,end,60.01335955194918
AGS1997WRNO,2020-02-03-12-11-03,44,1.1127163692064972,Walker ambiguity,0,0.0,0.25,down,2.1350391397745625
AGS1997WRNO,2020-02-03-12-11-03,44,1.1127163692064972,Walker ambiguity,0,0.0,0.25,up,3.3192863875819967
AGS1997WRNO,2020-02-03-12-11-03,44,1.1127163692064972,Walker ambiguity,0,0.0,0.25,down,3.9697834911667087
AGS1997WRNO,2020-02-03-12-11-03,44,1.1127163692064972,Walker ambiguity,0,0.0,0.25,up,6.53847129879523
AGS1997WRNO,2020-02-03-12-11-03,44,1.1127163692064972,Walker ambiguity,0,0.0,0.25,unclear,7.5226275506320235
AGS1997WRNO,2020-02-03-12-11-03,44,1.1127163692064972,Walker ambiguity,0,0.0,0.25,down,7.5226779311760765
AGS1997WRNO,2020-02-03-12-11-03,44,1.1127163692064972,Walker ambiguity,0,0.0,0.25,up,8.673471253701791
AGS1997WRNO,2020-02-03-12-11-03,44,1.1127163692064972,Walker ambiguity,0,0.0,0.25,down,12.70990043000802
AGS1997WRNO,2020-02-03-12-11-03,44,1.1127163692064972,Walker ambiguity,0,0.0,0.25,up,16.863122281355572
AGS1997WRNO,2020-02-03-12-11-03,44,1.1127163692064972,Walker ambiguity,0,0.0,0.25,down,21.016334802973688
AGS1997WRNO,2020-02-03-12-11-03,44,1.1127163692064972,Walker ambiguity,0,0.0,0.25,up,23.585023854566316
AGS1997WRNO,2020-02-03-12-11-03,44,1.1127163692064972,Walker ambiguity,0,0.0,0.25,down,24.652470963546875
AGS1997WRNO,2020-02-03-12-11-03,44,1.1127163692064972,Walker ambiguity,0,0.0,0.25,up,27.33791972513427
AGS1997WRNO,2020-02-03-12-11-03,44,1.1127163692064972,Walker ambiguity,0,0.0,0.25,down,28.77240122692183
AGS1997WRNO,2020-02-03-12-11-03,44,1.1127163692064972,Walker ambiguity,0,0.0,0.25,up,39.38067912351562
AGS1997WRNO,2020-02-03-12-11-03,44,1.1127163692064972,Walker ambiguity,0,0.0,0.25,down,45.40197205621371
AGS1997WRNO,2020-02-03-12-11-03,44,1.1127163692064972,Walker ambiguity,0,0.0,0.25,unclear,48.47102107990395
AGS1997WRNO,2020-02-03-12-11-03,44,1.1127163692064972,Walker ambiguity,0,0.0,0.25,down,48.57112411122671
AGS1997WRNO,2020-02-03-12-11-03,44,1.1127163692064972,Walker ambiguity,0,0.0,0.25,end,60.013206855361204
AGS1997WRNO,2020-02-03-12-11-03,45,1.1495415573890004,Distance,1,0.0,0.0,down,2.2351113829863607
AGS1997WRNO,2020-02-03-12-11-03,45,1.1495415573890004,Distance,1,0.0,0.0,up,22.951170990011633
AGS1997WRNO,2020-02-03-12-11-03,45,1.1495415573890004,Distance,1,0.0,0.0,down,24.802750528918295
AGS1997WRNO,2020-02-03-12-11-03,45,1.1495415573890004,Distance,1,0.0,0.0,up,27.521388251443568
AGS1997WRNO,2020-02-03-12-11-03,45,1.1495415573890004,Distance,1,0.0,0.0,down,28.889128593850728
AGS1997WRNO,2020-02-03-12-11-03,45,1.1495415573890004,Distance,1,0.0,0.0,unclear,30.323594235097517
AGS1997WRNO,2020-02-03-12-11-03,45,1.1495415573890004,Distance,1,0.0,0.0,up,30.34023256529963
AGS1997WRNO,2020-02-03-12-11-03,45,1.1495415573890004,Distance,1,0.0,0.0,down,32.30847913887828
AGS1997WRNO,2020-02-03-12-11-03,45,1.1495415573890004,Distance,1,0.0,0.0,unclear,33.55939042029513
AGS1997WRNO,2020-02-03-12-11-03,45,1.1495415573890004,Distance,1,0.0,0.0,up,33.64279852105119
AGS1997WRNO,2020-02-03-12-11-03,45,1.1495415573890004,Distance,1,0.0,0.0,down,34.676980787286084
AGS1997WRNO,2020-02-03-12-11-03,45,1.1495415573890004,Distance,1,0.0,0.0,unclear,37.545810686709046
AGS1997WRNO,2020-02-03-12-11-03,45,1.1495415573890004,Distance,1,0.0,0.0,up,37.54586511013622
AGS1997WRNO,2020-02-03-12-11-03,45,1.1495415573890004,Distance,1,0.0,0.0,down,38.713396901969645
AGS1997WRNO,2020-02-03-12-11-03,45,1.1495415573890004,Distance,1,0.0,0.0,unclear,40.24793198750922
AGS1997WRNO,2020-02-03-12-11-03,45,1.1495415573890004,Distance,1,0.0,0.0,up,40.26460763663363
AGS1997WRNO,2020-02-03-12-11-03,45,1.1495415573890004,Distance,1,0.0,0.0,down,41.38213114055634
AGS1997WRNO,2020-02-03-12-11-03,45,1.1495415573890004,Distance,1,0.0,0.0,up,43.967495841272466
AGS1997WRNO,2020-02-03-12-11-03,45,1.1495415573890004,Distance,1,0.0,0.0,down,46.953129922404514
AGS1997WRNO,2020-02-03-12-11-03,45,1.1495415573890004,Distance,1,0.0,0.0,up,50.7894684137309
AGS1997WRNO,2020-02-03-12-11-03,45,1.1495415573890004,Distance,1,0.0,0.0,down,58.2118806652843
AGS1997WRNO,2020-02-03-12-11-03,45,1.1495415573890004,Distance,1,0.0,0.0,up,59.02921045290532
AGS1997WRNO,2020-02-03-12-11-03,45,1.1495415573890004,Distance,1,0.0,0.0,end,60.013225825813606
AGS1997WRNO,2020-02-03-12-11-03,46,1.0671975667666163,Walker ambiguity,0,0.0,1.0,up,0.7673236766477203
AGS1997WRNO,2020-02-03-12-11-03,46,1.0671975667666163,Walker ambiguity,0,0.0,1.0,down,2.2351092060489464
AGS1997WRNO,2020-02-03-12-11-03,46,1.0671975667666163,Walker ambiguity,0,0.0,1.0,up,5.070649383445016
AGS1997WRNO,2020-02-03-12-11-03,46,1.0671975667666163,Walker ambiguity,0,0.0,1.0,unclear,10.024483389503075
AGS1997WRNO,2020-02-03-12-11-03,46,1.0671975667666163,Walker ambiguity,0,0.0,1.0,down,10.024539367886064
AGS1997WRNO,2020-02-03-12-11-03,46,1.0671975667666163,Walker ambiguity,0,0.0,1.0,up,11.875908676866857
AGS1997WRNO,2020-02-03-12-11-03,46,1.0671975667666163,Walker ambiguity,0,0.0,1.0,down,16.229294918064625
AGS1997WRNO,2020-02-03-12-11-03,46,1.0671975667666163,Walker ambiguity,0,0.0,1.0,up,20.04894718657306
AGS1997WRNO,2020-02-03-12-11-03,46,1.0671975667666163,Walker ambiguity,0,0.0,1.0,down,22.984569558892872
AGS1997WRNO,2020-02-03-12-11-03,46,1.0671975667666163,Walker ambiguity,0,0.0,1.0,unclear,25.70330742052556
AGS1997WRNO,2020-02-03-12-11-03,46,1.0671975667666163,Walker ambiguity,0,0.0,1.0,up,25.736668981476214
AGS1997WRNO,2020-02-03-12-11-03,46,1.0671975667666163,Walker ambiguity,0,0.0,1.0,down,35.24484571269295
AGS1997WRNO,2020-02-03-12-11-03,46,1.0671975667666163,Walker ambiguity,0,0.0,1.0,unclear,37.46250365803189
AGS1997WRNO,2020-02-03-12-11-03,46,1.0671975667666163,Walker ambiguity,0,0.0,1.0,up,37.479130792557044
AGS1997WRNO,2020-02-03-12-11-03,46,1.0671975667666163,Walker ambiguity,0,0.0,1.0,down,38.997005778524
AGS1997WRNO,2020-02-03-12-11-03,46,1.0671975667666163,Walker ambiguity,0,0.0,1.0,up,42.38293318637989
AGS1997WRNO,2020-02-03-12-11-03,46,1.0671975667666163,Walker ambiguity,0,0.0,1.0,down,45.36856540156532
AGS1997WRNO,2020-02-03-12-11-03,46,1.0671975667666163,Walker ambiguity,0,0.0,1.0,up,47.520211150458636
AGS1997WRNO,2020-02-03-12-11-03,46,1.0671975667666163,Walker ambiguity,0,0.0,1.0,down,49.571911540471774
AGS1997WRNO,2020-02-03-12-11-03,46,1.0671975667666163,Walker ambiguity,0,0.0,1.0,end,60.01328833500702
AGS1997WRNO,2020-02-03-12-11-03,47,1.1363366603379883,Sphere ambiguity,0,1.0,0.0,down,2.685466177083981
AGS1997WRNO,2020-02-03-12-11-03,47,1.1363366603379883,Sphere ambiguity,0,1.0,0.0,unclear,49.605202195471975
AGS1997WRNO,2020-02-03-12-11-03,47,1.1363366603379883,Sphere ambiguity,0,1.0,0.0,up,49.60586927119584
AGS1997WRNO,2020-02-03-12-11-03,47,1.1363366603379883,Sphere ambiguity,0,1.0,0.0,down,51.69013788408574
AGS1997WRNO,2020-02-03-12-11-03,47,1.1363366603379883,Sphere ambiguity,0,1.0,0.0,up,53.808442908425604
AGS1997WRNO,2020-02-03-12-11-03,47,1.1363366603379883,Sphere ambiguity,0,1.0,0.0,down,55.77668886002175
AGS1997WRNO,2020-02-03-12-11-03,47,1.1363366603379883,Sphere ambiguity,0,1.0,0.0,up,59.12926217071072
AGS1997WRNO,2020-02-03-12-11-03,47,1.1363366603379883,Sphere ambiguity,0,1.0,0.0,end,60.01327185248374
AGS1997WRNO,2020-02-03-12-11-03,48,1.1610451099349726,Walker ambiguity,0,0.0,0.25,down,2.3352147252999202
AGS1997WRNO,2020-02-03-12-11-03,48,1.1610451099349726,Walker ambiguity,0,0.0,0.25,up,2.4185948368649406
AGS1997WRNO,2020-02-03-12-11-03,48,1.1610451099349726,Walker ambiguity,0,0.0,0.25,unclear,2.7188426656039155
AGS1997WRNO,2020-02-03-12-11-03,48,1.1610451099349726,Walker ambiguity,0,0.0,0.25,end,60.013198769594965
AGS1997WRNO,2020-02-03-12-11-03,49,1.4028104205571654,Sphere ambiguity,0,0.25,0.0,down,1.6679912810559472
AGS1997WRNO,2020-02-03-12-11-03,49,1.4028104205571654,Sphere ambiguity,0,0.25,0.0,up,49.63853825516071
AGS1997WRNO,2020-02-03-12-11-03,49,1.4028104205571654,Sphere ambiguity,0,0.25,0.0,down,54.8758959262359
AGS1997WRNO,2020-02-03-12-11-03,49,1.4028104205571654,Sphere ambiguity,0,0.25,0.0,end,60.01317295734134
AGS1997WRNO,2020-02-03-12-11-03,50,0.7799662965572521,Walker ambiguity,0,0.0,-1.0,up,0.935371402572855
AGS1997WRNO,2020-02-03-12-11-03,50,0.7799662965572521,Walker ambiguity,0,0.0,-1.0,down,30.624129419532437
AGS1997WRNO,2020-02-03-12-11-03,50,0.7799662965572521,Walker ambiguity,0,0.0,-1.0,up,34.22654886741748
AGS1997WRNO,2020-02-03-12-11-03,50,0.7799662965572521,Walker ambiguity,0,0.0,-1.0,unclear,34.47678498734422
AGS1997WRNO,2020-02-03-12-11-03,50,0.7799662965572521,Walker ambiguity,0,0.0,-1.0,up,42.83326838804351
AGS1997WRNO,2020-02-03-12-11-03,50,0.7799662965572521,Walker ambiguity,0,0.0,-1.0,down,54.625700857122865
AGS1997WRNO,2020-02-03-12-11-03,50,0.7799662965572521,Walker ambiguity,0,0.0,-1.0,up,56.59391166673504
AGS1997WRNO,2020-02-03-12-11-03,50,0.7799662965572521,Walker ambiguity,0,0.0,-1.0,down,57.644739726956686
AGS1997WRNO,2020-02-03-12-11-03,50,0.7799662965572521,Walker ambiguity,0,0.0,-1.0,end,60.01316798148491
AGS1997WRNO,2020-02-03-12-11-03,51,1.4797841141462331,Distance,3,0.0,0.0,down,2.4019278954892798
AGS1997WRNO,2020-02-03-12-11-03,51,1.4797841141462331,Distance,3,0.0,0.0,up,16.195944552790024
AGS1997WRNO,2020-02-03-12-11-03,51,1.4797841141462331,Distance,3,0.0,0.0,unclear,17.463604877209036
AGS1997WRNO,2020-02-03-12-11-03,51,1.4797841141462331,Distance,3,0.0,0.0,down,17.463660855592025
AGS1997WRNO,2020-02-03-12-11-03,51,1.4797841141462331,Distance,3,0.0,0.0,end,60.013210276262726
AGS1997WRNO,2020-02-03-12-11-03,52,1.239513708073913,Sphere ambiguity,0,-1.0,0.0,down,0.9674771818117733
AGS1997WRNO,2020-02-03-12-11-03,52,1.239513708073913,Sphere ambiguity,0,-1.0,0.0,up,36.044681322843644
AGS1997WRNO,2020-02-03-12-11-03,52,1.239513708073913,Sphere ambiguity,0,-1.0,0.0,down,37.51252158666375
AGS1997WRNO,2020-02-03-12-11-03,52,1.239513708073913,Sphere ambiguity,0,-1.0,0.0,up,39.48066304527947
AGS1997WRNO,2020-02-03-12-11-03,52,1.239513708073913,Sphere ambiguity,0,-1.0,0.0,unclear,42.24948227771074
AGS1997WRNO,2020-02-03-12-11-03,52,1.239513708073913,Sphere ambiguity,0,-1.0,0.0,down,42.26615854881584
AGS1997WRNO,2020-02-03-12-11-03,52,1.239513708073913,Sphere ambiguity,0,-1.0,0.0,end,60.01321369716334
